customerId,account_No,firstName,lastName,dob,panNumber,contactNo,employmentStatus,relationshipStatus,email,transactionId,amount,transactionType,transactionDate,KYC_date,defence_background,okToCall,criminalRecord,feedbackDate,feedback,feedbackRating
681300,2.01E+11,Frankie,Bartell,2020-09-04,,5893497649,closed,married,kasey.oconnell@hotmail.com,3436270215,130.94,credit,2020-09-04,2020-09-04,FALSE,TRUE,FALSE,2020-09-04,Libero pariatur sint impedit sint id.,4
924482,9.08E+11,Joaquin,Dibbert,2022-09-04,03T5Y11L92,9187728613,active,single,,2869742634,401.25,credit,2022-09-04,2015-09-04,FALSE,TRUE,FALSE,2022-09-04,Rerum consectetur dicta.,4
845407,7.28E+11,Antwan,Abshire,2019-09-04,,,active,single,,3316423861,102.32,debit,2019-09-04,2018-09-04,FALSE,FALSE,TRUE,2019-09-04,,4
445933,3.14E+11,Meridith,Cole,2014-09-04,,8800714306,active,single,ethel.heathcote@hotmail.com,2301368310,366.62,debit,2014-09-04,2017-09-04,FALSE,FALSE,TRUE,2014-09-04,,2
497385,8.59E+11,Candance,Farrell,2014-09-04,,8340094291,closed,married,,9595779851,840.68,credit,2014-09-04,2016-09-04,TRUE,TRUE,TRUE,2014-09-04,,2
77558,7.61E+11,Marcelino,Schaefer,2018-09-04,P58859U23Q,,closed,single,,5561387361,-750.97,debit,2018-09-04,2021-09-04,FALSE,FALSE,FALSE,2018-09-04,Nulla aut sequi assumenda voluptate.,2
444141,9.49E+11,Filomena,Little,2018-09-04,1KM11P003A,,active,married,,6602561313,573,debit,2018-09-04,2014-09-04,FALSE,TRUE,TRUE,2018-09-04,Natus non laborum veniam.,4
450364,5.51E+11,Galen,Stoltenberg,2019-09-04,9363U0532Z,,closed,married,,6407090335,733.92,debit,2019-09-04,2020-09-04,FALSE,FALSE,FALSE,2019-09-04,,2
978659,8.47E+11,Myron,Price,2020-09-04,T8ZOZC68LX,,active,married,,432873315,292,credit,2020-09-04,2021-09-04,TRUE,FALSE,TRUE,2020-09-04,Voluptatem illum at perferendis.,4
106744,2.16E+11,Velma,Shields,2019-09-04,LX3U9PBCT8,7004377992,closed,married,,6167080183,-244.71,debit,2019-09-04,2019-09-04,TRUE,FALSE,TRUE,2019-09-04,Sequi eligendi incidunt neque sapiente.,2
917237,5.34E+11,Aurora,Deckow,2020-09-04,A65U9N3CPZ,3363846643,active,married,palmira.stamm@yahoo.com,5286012665,772.93,debit,2020-09-04,2014-09-04,TRUE,FALSE,TRUE,2020-09-04,Itaque assumenda blanditiis.,4
895408,5.81E+11,Antoine,Rohan,2021-09-04,,,active,married,,4728747983,833.74,debit,2021-09-04,2022-09-04,FALSE,TRUE,FALSE,2021-09-04,Dolorum quia quod consectetur ut eligendi saepe.,1
903840,3.61E+11,Samatha,Stracke,2017-09-04,,9848832950,closed,married,,6415908293,-912.32,debit,2017-09-04,2017-09-04,TRUE,TRUE,FALSE,2017-09-04,Reiciendis consequatur voluptatem error rerum vel.,1
46115,9.60E+11,Vita,Ebert,2017-09-04,,2333753458,closed,married,corey.mckenzie@gmail.com,24124619,787.49,debit,2017-09-04,2015-09-04,TRUE,FALSE,TRUE,2017-09-04,Molestias ipsam perspiciatis earum nulla voluptatem ex.,2
777206,2.86E+11,Adam,Zboncak,2021-09-04,JOEN7GA3M6,,active,married,quinton.murphy@hotmail.com,6455831333,857.74,debit,2021-09-04,2021-09-04,TRUE,TRUE,FALSE,2021-09-04,Esse adipisci quod voluptatum consectetur iste est laudantium.,4
951168,2.34E+11,Johnna,Altenwerth,2020-09-04,,5872188196,closed,single,,755778681,-599.22,debit,2020-09-04,2016-09-04,TRUE,TRUE,FALSE,2020-09-04,,4
857881,4.13E+11,Edison,Hagenes,2016-09-04,,7643112628,closed,single,susann.rippin@hotmail.com,2233841388,923.53,credit,2016-09-04,2021-09-04,TRUE,FALSE,FALSE,2016-09-04,,4
763704,7.78E+11,Delcie,Kassulke,2014-09-04,EE4YUFQ8LZ,7816253317,active,single,,4205211874,269.07,credit,2014-09-04,2020-09-04,TRUE,FALSE,FALSE,2014-09-04,,2
598145,2.84E+11,Lawerence,Watsica,2017-09-04,,9495458341,active,married,,4530075421,340.75,credit,2017-09-04,2018-09-04,FALSE,FALSE,FALSE,2017-09-04,Saepe alias sapiente.,2
53087,51467404567,Omer,Ratke,2016-09-04,P542L46SPS,4015207507,active,married,,2635046517,350.95,debit,2016-09-04,2019-09-04,TRUE,TRUE,FALSE,2016-09-04,,4
486762,8.84E+11,Fredric,Gerhold,2018-09-04,1SSH1G666Z,,active,single,loida.runolfsson@gmail.com,6574533334,71.67,debit,2018-09-04,2017-09-04,TRUE,TRUE,FALSE,2018-09-04,Et cum ut quia.,4
716386,3.36E+11,Seema,Keebler,2020-09-04,2NP5KMOR3Q,,active,married,cyrus.cole@gmail.com,8490138110,258.32,debit,2020-09-04,2018-09-04,FALSE,TRUE,TRUE,2020-09-04,Aut quis cumque quia perferendis dolor veniam quo.,4
142080,5.41E+11,Spencer,Hammes,2016-09-04,,1408696034,closed,married,,6013206718,232.9,credit,2016-09-04,2018-09-04,FALSE,FALSE,FALSE,2016-09-04,Consequatur recusandae molestiae quibusdam.,3
886830,6.69E+11,Lucien,King,2019-09-04,7LHTA6409L,,active,married,cheree.little@gmail.com,7723159948,282.42,credit,2019-09-04,2014-09-04,TRUE,TRUE,FALSE,2019-09-04,Sit molestiae dolor dolore ullam.,3
8209,5.90E+11,Kyla,Stroman,2020-09-04,,3518865152,active,single,nicholle.jaskolski@hotmail.com,8363473644,172.55,debit,2020-09-04,2022-09-04,TRUE,FALSE,TRUE,2020-09-04,,4
805004,2.10E+11,Shantell,Hartmann,2021-09-04,TJ61K9B64Y,,closed,married,,9937991510,240.79,debit,2021-09-04,2015-09-04,TRUE,TRUE,TRUE,2021-09-04,Asperiores et sed.,2
646615,4.44E+11,Lyman,Connelly,2014-09-04,,6432536612,active,single,chasity.cremin@gmail.com,2863383281,582.39,credit,2014-09-04,2019-09-04,TRUE,TRUE,TRUE,2014-09-04,Omnis sit libero et veritatis rerum.,3
325764,5.82E+11,Alyse,McKenzie,2020-09-04,,,closed,single,mohammad.skiles@hotmail.com,565733185,523.41,debit,2020-09-04,2021-09-04,TRUE,FALSE,TRUE,2020-09-04,Et et nisi.,4
588094,3.57E+11,Francisco,Rempel,2019-09-04,,1519237846,closed,single,drew.hintz@gmail.com,4732003317,354.09,credit,2019-09-04,2020-09-04,TRUE,TRUE,FALSE,2019-09-04,,3
356627,2.56E+11,Josphine,King,2017-09-04,,,closed,married,otelia.jones@hotmail.com,9280035608,904.43,debit,2017-09-04,2021-09-04,FALSE,FALSE,FALSE,2017-09-04,Sed aut voluptatum numquam.,3
786437,9.36E+11,Valrie,Stoltenberg,2016-09-04,,1622377355,closed,married,,6857003225,427.23,debit,2016-09-04,2015-09-04,TRUE,FALSE,FALSE,2016-09-04,Ducimus quo odit est in tempore possimus natus.,2
725752,7.54E+11,Carmel,Marvin,2018-09-04,,4436368863,active,single,rico.shanahan@gmail.com,2058460399,97.7,credit,2018-09-04,2016-09-04,FALSE,TRUE,TRUE,2018-09-04,,3
480888,8.07E+11,Lolita,Dietrich,2020-09-04,,2378337547,active,single,simonne.pollich@yahoo.com,5848662435,440.55,credit,2020-09-04,2014-09-04,TRUE,FALSE,TRUE,2020-09-04,Eligendi sed explicabo.,4
855781,7.93E+11,John,Parker,2015-09-04,S373Z5W1A7,2934020131,closed,married,,3613373821,165.12,debit,2015-09-04,2020-09-04,FALSE,FALSE,FALSE,2015-09-04,Ut animi consequatur consequatur a et voluptatem.,1
187457,9.40E+11,Loree,Jerde,2017-09-04,30XL26NW98,,active,single,,8227274221,582.52,credit,2017-09-04,2016-09-04,TRUE,FALSE,FALSE,2017-09-04,Recusandae nihil accusamus autem ut sed molestiae.,2
786843,3.01E+11,Manuel,Effertz,2019-09-04,,,active,married,,2769008109,473.15,credit,2019-09-04,2015-09-04,FALSE,FALSE,FALSE,2019-09-04,,1
528804,1.66E+11,Rhett,Mertz,2017-09-04,,,active,married,,5380093485,64.45,credit,2017-09-04,2014-09-04,TRUE,TRUE,TRUE,2017-09-04,,3
17587,3.78E+11,Romelia,Robel,2014-09-04,P0GY774JX0,,closed,single,tom.kreiger@gmail.com,7183861569,320.09,credit,2014-09-04,2014-09-04,FALSE,FALSE,TRUE,2014-09-04,Perferendis distinctio et.,1
826743,6.85E+11,Leandro,Bins,2021-09-04,EWOCF3L6BW,8046902118,active,single,erin.weimann@hotmail.com,1378577343,390.38,debit,2021-09-04,2021-09-04,TRUE,TRUE,TRUE,2021-09-04,Ipsum optio rerum occaecati natus et.,4
900200,7.52E+11,Priscilla,Reynolds,2021-09-04,QE9259665C,,active,single,tommie.mraz@gmail.com,6834676607,711.22,debit,2021-09-04,2017-09-04,TRUE,FALSE,TRUE,2021-09-04,Magnam magnam id facilis qui consequuntur et.,4
868858,9.67E+11,Edwardo,Wehner,2015-09-04,,2128088728,closed,single,,3680881109,822.9,credit,2015-09-04,2017-09-04,FALSE,TRUE,FALSE,2015-09-04,,4
468402,4.67E+11,Page,Reinger,2020-09-04,,3031137266,active,married,,8062850234,167.19,credit,2020-09-04,2017-09-04,TRUE,FALSE,FALSE,2020-09-04,,4
610236,9.48E+11,Carmelo,Hintz,2021-09-04,22673287F2,4047843558,active,single,january.grant@yahoo.com,6797494176,247.29,credit,2021-09-04,2018-09-04,TRUE,FALSE,FALSE,2021-09-04,Possimus autem est aut non a voluptate quis.,1
500496,31580253067,Marcelino,Ward,2016-09-04,,1662357952,closed,single,ricardo.kunde@hotmail.com,2468472800,719.98,debit,2016-09-04,2018-09-04,FALSE,TRUE,FALSE,2016-09-04,,2
204879,6.01E+11,Patience,Heaney,2015-09-04,,,closed,single,,2731264451,527.36,credit,2015-09-04,2014-09-04,FALSE,TRUE,FALSE,2015-09-04,,4
903631,4.10E+11,Ignacia,Fisher,2018-09-04,,1866773736,active,single,,6000367260,806.3,credit,2018-09-04,2015-09-04,FALSE,FALSE,FALSE,2018-09-04,Sint est corrupti.,4
742699,5.94E+11,Lino,Hirthe,2019-09-04,33PKP2RY3D,,closed,single,,7405431653,742.36,credit,2019-09-04,2018-09-04,TRUE,FALSE,TRUE,2019-09-04,Doloremque ratione magnam a et laborum sapiente ut.,1
519864,5.87E+11,Brent,Russel,2020-09-04,,,active,single,,81189910,650.88,debit,2020-09-04,2016-09-04,TRUE,FALSE,FALSE,2020-09-04,Ea sed quo.,2
23904,73653848388,Alesha,Streich,2014-09-04,UEXTYHJ969,9002974467,active,single,meg.johns@gmail.com,3152823512,332,credit,2014-09-04,2014-09-04,TRUE,TRUE,FALSE,2014-09-04,,2
755542,5.07E+11,Marvin,Macejkovic,2017-09-04,MXM841U4GS,6382546041,active,married,,8445499400,946.81,credit,2017-09-04,2015-09-04,FALSE,TRUE,TRUE,2017-09-04,Et quis cupiditate quia.,2
510210,9.84E+11,Elmer,Franecki,2022-09-04,,5786869940,closed,married,,4338406483,405.85,credit,2022-09-04,2021-09-04,TRUE,FALSE,FALSE,2022-09-04,,4
296787,1.07E+11,Laurie,Kirlin,2019-09-04,XID59SHS69,,active,single,,9940451116,8.45,debit,2019-09-04,2014-09-04,TRUE,FALSE,TRUE,2019-09-04,Repudiandae ut quis et omnis quam mollitia vel.,3
776563,5.23E+11,Ladawn,Graham,2016-09-04,312U0R6HWT,7368758635,active,married,,3466573620,564.78,debit,2016-09-04,2020-09-04,FALSE,FALSE,FALSE,2016-09-04,Sit qui ea aut sit.,4
53258,4.62E+11,Granville,Dibbert,2014-09-04,,4041627704,active,married,christoper.feil@yahoo.com,1053573488,616.84,credit,2014-09-04,2014-09-04,TRUE,TRUE,FALSE,2014-09-04,,3
870458,3.67E+11,Maris,Breitenberg,2019-09-04,8CH2ZTMM6Q,5234858548,active,single,cleora.grant@gmail.com,602203156,337.34,debit,2019-09-04,2019-09-04,FALSE,FALSE,TRUE,2019-09-04,,4
840457,6.85E+11,Pilar,Heathcote,2014-09-04,,6893016799,active,married,mickie.johnston@hotmail.com,3205952670,655.12,credit,2014-09-04,2019-09-04,FALSE,TRUE,FALSE,2014-09-04,Qui ut voluptate excepturi qui repellendus quibusdam.,4
562666,8.34E+11,Brittani,Spinka,2015-09-04,20U7MV70F0,3356331925,active,single,,8887504014,387.58,credit,2015-09-04,2017-09-04,FALSE,TRUE,FALSE,2015-09-04,,3
319095,79124756713,Darline,Beahan,2018-09-04,PG40FA5101,,active,single,dalene.frami@hotmail.com,8425050453,522,debit,2018-09-04,2015-09-04,TRUE,TRUE,TRUE,2018-09-04,,3
676720,6.15E+11,Sherwood,Smitham,2019-09-04,2I7J57JG5M,4133271677,active,single,,7796047487,654.61,credit,2019-09-04,2021-09-04,TRUE,FALSE,TRUE,2019-09-04,,3
760062,3.59E+11,Claribel,Bayer,2020-09-04,88TA44Y100,,active,married,,2021741817,470.28,credit,2020-09-04,2014-09-04,FALSE,FALSE,TRUE,2020-09-04,,3
341800,41012055457,Eva,Marks,2015-09-04,7673Z66GL9,8282466555,closed,married,alease.wilkinson@yahoo.com,5890882799,172.47,debit,2015-09-04,2022-09-04,FALSE,FALSE,TRUE,2015-09-04,,2
52202,5.31E+11,Conchita,MacGyver,2017-09-04,,7801155772,closed,married,,5952712388,795.73,debit,2017-09-04,2014-09-04,TRUE,TRUE,FALSE,2017-09-04,At ducimus rerum.,4
154504,4.02E+11,Alphonso,Jacobi,2014-09-04,7RJK740P8J,,closed,married,,11666688,-208.17,debit,2014-09-04,2015-09-04,FALSE,TRUE,TRUE,2014-09-04,,1
546144,8.88E+11,Kittie,Witting,2020-09-04,4CJSDRLJ68,2685716992,active,single,,1670939724,956.88,credit,2020-09-04,2018-09-04,TRUE,FALSE,TRUE,2020-09-04,,2
766122,1.33E+11,Zackary,Ziemann,2021-09-04,,,closed,single,,4281906197,807.43,debit,2021-09-04,2015-09-04,FALSE,FALSE,TRUE,2021-09-04,Cum voluptates molestiae sint non.,4
432463,9.32E+11,Shizue,Cronin,2017-09-04,,3113089842,active,single,,6278721401,-171.7,credit,2017-09-04,2018-09-04,FALSE,TRUE,TRUE,2017-09-04,Accusantium earum est ratione esse quis sint.,2
51966,6.07E+11,Patrick,Jenkins,2014-09-04,PLBWHMLS42,,active,married,charise.rice@gmail.com,2793064448,869.5,debit,2014-09-04,2016-09-04,TRUE,FALSE,TRUE,2014-09-04,Quas nihil qui at officia eum asperiores.,2
938615,3.70E+11,Theo,Ruecker,2015-09-04,,5082458043,active,single,marcela.collins@yahoo.com,5756808733,906.7,debit,2015-09-04,2014-09-04,FALSE,FALSE,TRUE,2015-09-04,Accusantium ex minus corrupti.,2
109953,3.00E+11,Nada,Keeling,2016-09-04,U932AW3BF5,5664655079,closed,married,,7271020426,74.43,debit,2016-09-04,2015-09-04,FALSE,FALSE,TRUE,2016-09-04,,4
884861,8.68E+11,Dallas,Donnelly,2014-09-04,3030Q390J6,1666876303,closed,single,,1870874474,966.1,debit,2014-09-04,2015-09-04,FALSE,FALSE,FALSE,2014-09-04,Sed voluptas esse error ipsam excepturi et.,3
830583,4.82E+11,Jermaine,Prosacco,2017-09-04,,6793332525,closed,single,,3419185852,372.48,credit,2017-09-04,2015-09-04,TRUE,TRUE,TRUE,2017-09-04,Similique consequuntur et expedita id eaque.,4
872176,2.86E+11,Mohammad,Bosco,2018-09-04,901P130NK0,8975800186,active,married,,6424324672,-185.93,debit,2018-09-04,2017-09-04,FALSE,FALSE,TRUE,2018-09-04,,3
866452,6.07E+11,Mark,Klocko,2020-09-04,364GI525D8,3341988997,active,married,jill.grady@gmail.com,1528162507,226.07,debit,2020-09-04,2019-09-04,FALSE,TRUE,FALSE,2020-09-04,Et nemo provident exercitationem laudantium cupiditate fugiat.,2
16271,9.16E+11,Shona,Fritsch,2022-09-04,,2968091566,active,single,isela.hermann@hotmail.com,5660418136,104.62,debit,2022-09-04,2016-09-04,TRUE,TRUE,TRUE,2022-09-04,Iste praesentium molestiae minus totam totam distinctio eligendi.,3
994862,1.29E+11,Dallas,Lesch,2017-09-04,,,closed,single,oswaldo.bahringer@hotmail.com,5865572084,864.15,credit,2017-09-04,2016-09-04,FALSE,TRUE,FALSE,2017-09-04,Aperiam quia et.,3
580454,7.27E+11,Sterling,Crona,2015-09-04,AHXY1S4G36,7441005607,active,married,mia.frami@gmail.com,106453410,224.5,credit,2015-09-04,2021-09-04,FALSE,TRUE,TRUE,2015-09-04,,3
148853,7.72E+11,Allen,Funk,2021-09-04,,9745382571,closed,single,,415727163,172.01,credit,2021-09-04,2020-09-04,TRUE,FALSE,TRUE,2021-09-04,Quam in maxime aut ex.,3
863447,6.74E+11,Gerry,Altenwerth,2018-09-04,93157448OO,,closed,married,nickolas.walter@yahoo.com,6926917634,906.11,debit,2018-09-04,2019-09-04,TRUE,FALSE,FALSE,2018-09-04,Rem quas cumque quaerat consequatur inventore rerum quaerat.,3
563041,5.77E+11,Enrique,Altenwerth,2017-09-04,,8109217272,closed,married,,7678657814,107.36,credit,2017-09-04,2016-09-04,FALSE,TRUE,TRUE,2017-09-04,Veritatis ut fugit corporis maxime expedita fugiat.,4
254134,3.46E+11,Arnulfo,Dach,2022-09-04,,8522007618,active,married,paul.cummings@gmail.com,8475640667,505.55,credit,2022-09-04,2015-09-04,TRUE,FALSE,TRUE,2022-09-04,,3
913919,1.75E+11,Alphonse,Friesen,2014-09-04,85F187753M,,closed,married,,8108041277,705.32,credit,2014-09-04,2019-09-04,FALSE,FALSE,FALSE,2014-09-04,Ut perferendis dicta asperiores ad dolorum.,1
160868,9.60E+11,Vicente,Witting,2019-09-04,,6753554363,closed,married,,1051141468,133.37,debit,2019-09-04,2014-09-04,FALSE,FALSE,TRUE,2019-09-04,Odio excepturi quam beatae.,2
315935,5.30E+11,Pandora,Stokes,2018-09-04,36KV031L9N,4162672814,active,single,,5057299250,214.22,credit,2018-09-04,2014-09-04,FALSE,FALSE,FALSE,2018-09-04,Laudantium voluptas non aliquid et assumenda.,2
2652,6.05E+11,Keva,Cruickshank,2021-09-04,,,active,single,,8919303070,73.04,debit,2021-09-04,2021-09-04,TRUE,TRUE,TRUE,2021-09-04,,4
378610,6.55E+11,Hans,Beahan,2018-09-04,,,closed,single,milton.fisher@gmail.com,1166830058,125.77,debit,2018-09-04,2020-09-04,TRUE,FALSE,TRUE,2018-09-04,,4
210918,5.11E+11,Christene,Smitham,2021-09-04,,,closed,single,,8904421512,3.25,debit,2021-09-04,2014-09-04,TRUE,TRUE,TRUE,2021-09-04,Voluptas voluptas sunt sed voluptatem possimus et.,4
120002,9.41E+11,Aurelia,Fritsch,2018-09-04,3561827IN7,,closed,married,,645325721,958.28,credit,2018-09-04,2020-09-04,FALSE,FALSE,FALSE,2018-09-04,Id consequatur eos ex voluptate odit vero.,2
843682,3.95E+11,Lauren,Runolfsson,2014-09-04,GT5HY03452,,closed,single,,7823925870,264.68,credit,2014-09-04,2018-09-04,TRUE,FALSE,TRUE,2014-09-04,Iste delectus cumque qui nam.,2
264532,4.23E+11,Fiona,Feest,2018-09-04,,6355819628,active,married,,6040057600,187.59,credit,2018-09-04,2015-09-04,FALSE,FALSE,FALSE,2018-09-04,Ad in vel voluptatem architecto.,2
410824,5.29E+11,Domingo,Weber,2019-09-04,,7051491035,active,single,alvaro.lowe@hotmail.com,7777568516,155.78,debit,2019-09-04,2019-09-04,FALSE,TRUE,TRUE,2019-09-04,,2
474266,8.54E+11,Heriberto,Donnelly,2014-09-04,4A2RU5E7W5,9529167406,closed,single,jeff.mann@yahoo.com,7217661147,217.44,debit,2014-09-04,2022-09-04,FALSE,TRUE,FALSE,2014-09-04,,3
348608,4.82E+11,Joeann,Kautzer,2021-09-04,QL54AFZ2QL,,active,single,leroy.braun@yahoo.com,6417406342,921.66,credit,2021-09-04,2020-09-04,FALSE,TRUE,FALSE,2021-09-04,,3
241321,3.74E+11,Shane,Mosciski,2020-09-04,39CI5V45QR,7026587509,closed,single,,1864072169,452.03,debit,2020-09-04,2014-09-04,TRUE,FALSE,TRUE,2020-09-04,,2
195864,5.02E+11,Mikki,Fay,2015-09-04,,,active,married,enda.johnston@hotmail.com,48908911,33.61,debit,2015-09-04,2021-09-04,FALSE,FALSE,FALSE,2015-09-04,Culpa omnis vel.,3
265207,9.58E+11,Giuseppe,Friesen,2019-09-04,,,active,single,,7751583763,255.2,debit,2019-09-04,2018-09-04,TRUE,FALSE,FALSE,2019-09-04,Sunt illum necessitatibus accusamus eveniet voluptas tenetur consequuntur.,4
181188,9.32E+11,Cheyenne,Labadie,2016-09-04,00017PZJ5P,,active,single,noah.raynor@gmail.com,2863666865,732.19,credit,2016-09-04,2016-09-04,TRUE,TRUE,TRUE,2016-09-04,Ut repudiandae beatae quia quidem et sint nemo.,3
672862,2.37E+11,Jame,Hintz,2021-09-04,,,active,married,titus.ortiz@hotmail.com,6388155971,818.45,credit,2021-09-04,2017-09-04,TRUE,TRUE,FALSE,2021-09-04,,3
324121,6.55E+11,Irving,Block,2015-09-04,0X40SQ8DW4,,closed,single,dusty.kuhn@yahoo.com,5051618807,133.34,credit,2015-09-04,2017-09-04,FALSE,FALSE,TRUE,2015-09-04,,3
37197,5.27E+11,Linwood,Shanahan,2016-09-04,,,active,single,,8792471941,338.38,debit,2016-09-04,2020-09-04,TRUE,FALSE,FALSE,2016-09-04,,4
836030,5.55E+11,Fabiola,Streich,2017-09-04,TYZ0QIZOCT,,active,married,,1482500490,171.62,credit,2017-09-04,2020-09-04,TRUE,TRUE,FALSE,2017-09-04,,4
256766,7.02E+11,Cleta,Hane,2022-09-04,,,closed,married,gracia.shields@gmail.com,7408815933,844.96,debit,2022-09-04,2020-09-04,FALSE,TRUE,FALSE,2022-09-04,Rerum impedit et velit beatae harum assumenda eaque.,3
360569,5.18E+11,Emil,Nitzsche,2022-09-04,,9639067027,active,single,,8351206441,154.78,debit,2022-09-04,2015-09-04,FALSE,TRUE,TRUE,2022-09-04,,2
501527,8.01E+11,Anh,Ankunding,2014-09-04,PV1T96XO35,3847193906,closed,single,,7593166835,278.57,credit,2014-09-04,2021-09-04,FALSE,TRUE,FALSE,2014-09-04,Qui officia mollitia qui.,3
177358,5.66E+11,Alvin,Yundt,2016-09-04,,,closed,married,evia.mante@yahoo.com,4312677292,413,debit,2016-09-04,2015-09-04,TRUE,TRUE,TRUE,2016-09-04,,4
111944,8.89E+11,Vernie,Corkery,2018-09-04,ZRJY3914VV,,closed,married,rufina.buckridge@gmail.com,6951434323,840.61,debit,2018-09-04,2015-09-04,TRUE,FALSE,TRUE,2018-09-04,Aut omnis sit consequuntur similique.,4
126385,6.69E+11,Sebrina,Lehner,2016-09-04,95EY6B10K3,7285865901,active,married,,6863786814,769.69,debit,2016-09-04,2021-09-04,TRUE,TRUE,FALSE,2016-09-04,,4
544053,5.96E+11,Sandy,Beatty,2014-09-04,Q68T0GA9CR,4617663509,closed,single,stefania.murazik@gmail.com,8145786298,745.47,debit,2014-09-04,2016-09-04,TRUE,TRUE,TRUE,2014-09-04,Provident necessitatibus doloremque molestias pariatur ab sit voluptatum.,3
417338,3.74E+11,Delena,Walker,2017-09-04,,,active,married,,5126175186,211.28,debit,2017-09-04,2017-09-04,TRUE,FALSE,TRUE,2017-09-04,Ullam fugit unde recusandae unde.,2
721902,8.21E+11,Trenton,Mraz,2020-09-04,,8826381321,closed,single,,1501697273,282.94,debit,2020-09-04,2018-09-04,FALSE,FALSE,TRUE,2020-09-04,Nihil qui eveniet libero eos aliquid.,4
302701,7.03E+11,Alexandra,Reichert,2014-09-04,,,closed,married,vanna.rolfson@gmail.com,2341857985,214.63,credit,2014-09-04,2017-09-04,FALSE,FALSE,FALSE,2014-09-04,,2
880898,4.04E+11,Alan,Stoltenberg,2022-09-04,VJ141MPX32,,active,single,,4991369800,354.09,credit,2022-09-04,2014-09-04,FALSE,FALSE,TRUE,2022-09-04,,1
378363,1.38E+11,Hyacinth,Bogisich,2014-09-04,,,active,married,,6344570653,30.32,debit,2014-09-04,2020-09-04,TRUE,FALSE,FALSE,2014-09-04,Quis non mollitia architecto laborum nihil.,1
800930,1.77E+11,Shan,Cummerata,2019-09-04,,,closed,married,,2846390057,831.23,credit,2019-09-04,2021-09-04,TRUE,FALSE,TRUE,2019-09-04,,1
466413,4.51E+11,Coleman,Boehm,2014-09-04,YDPMQNFCZ3,,active,married,,6980082435,247.41,debit,2014-09-04,2016-09-04,TRUE,FALSE,TRUE,2014-09-04,Assumenda reiciendis placeat aperiam ratione minus tenetur.,4
94050,4.70E+11,Bev,Murazik,2019-09-04,,7057497678,active,single,bret.turcotte@yahoo.com,6622730593,778.33,debit,2019-09-04,2021-09-04,TRUE,TRUE,FALSE,2019-09-04,,4
658357,4.78E+11,Ginette,Swift,2014-09-04,FBR189N47L,,active,married,,7434789746,274.05,debit,2014-09-04,2021-09-04,FALSE,FALSE,FALSE,2014-09-04,Sunt optio molestias rerum corporis facere.,4
544230,2.36E+11,Jerrold,Toy,2015-09-04,,2350831618,active,married,macie.mckenzie@gmail.com,8084507078,114.58,debit,2015-09-04,2018-09-04,FALSE,TRUE,TRUE,2015-09-04,,2
191822,3.22E+11,Tona,Legros,2020-09-04,1911Y6EN5F,1297374853,closed,single,,3626502704,553.73,credit,2020-09-04,2015-09-04,FALSE,FALSE,TRUE,2020-09-04,,2
183524,7.81E+11,Julianne,Kuvalis,2022-09-04,,,active,single,,3336161431,309.05,debit,2022-09-04,2021-09-04,TRUE,TRUE,TRUE,2022-09-04,,4
867758,3.81E+11,Lesley,Steuber,2015-09-04,0RY270Y3G9,,closed,single,,7603756705,364.62,credit,2015-09-04,2017-09-04,TRUE,FALSE,TRUE,2015-09-04,Minus voluptatem illum sed eum non ut.,4
149823,7.47E+11,Rebbeca,Nicolas,2019-09-04,18360S4PY0,,active,single,brain.franecki@yahoo.com,7518324700,696.71,debit,2019-09-04,2021-09-04,FALSE,FALSE,TRUE,2019-09-04,,1
206035,1.37E+11,Mauricio,Predovic,2014-09-04,,6164319111,active,single,,4410241728,324.61,debit,2014-09-04,2019-09-04,TRUE,TRUE,TRUE,2014-09-04,Atque assumenda consequuntur vel autem incidunt qui qui.,4
664659,2.14E+11,Nickolas,Kessler,2021-09-04,A29U17343U,,closed,single,,5624523976,143.4,credit,2021-09-04,2021-09-04,TRUE,FALSE,FALSE,2021-09-04,Incidunt ipsum officiis culpa tempora quibusdam.,4
874304,66728777330,Birdie,Nitzsche,2021-09-04,K7TY1HU7R8,,closed,single,kandi.skiles@yahoo.com,7201110287,331.15,debit,2021-09-04,2019-09-04,TRUE,TRUE,TRUE,2021-09-04,,2
821108,2.85E+11,January,Will,2016-09-04,,1947410111,active,single,,9210014872,181.49,credit,2016-09-04,2015-09-04,FALSE,TRUE,FALSE,2016-09-04,Asperiores est qui harum.,3
695526,6.21E+11,Bernie,Cruickshank,2017-09-04,CX5HNQ1544,1460702200,closed,single,,3811006116,56.74,credit,2017-09-04,2021-09-04,TRUE,TRUE,FALSE,2017-09-04,,4
137204,3.72E+11,Kim,Beatty,2014-09-04,,,closed,married,maurice.kris@yahoo.com,7463667584,3.94,debit,2014-09-04,2017-09-04,FALSE,TRUE,FALSE,2014-09-04,Aliquid nam et rerum qui sint.,3
238140,7.30E+11,Domenica,Weber,2015-09-04,691H2X7FVN,,active,married,,4750841746,977.27,debit,2015-09-04,2015-09-04,TRUE,FALSE,FALSE,2015-09-04,Molestiae ipsam esse enim dolor nobis eos sequi.,4
815233,8.86E+11,Agueda,Rempel,2019-09-04,71L4W3IK0M,,closed,married,patria.torphy@yahoo.com,2378436374,697.34,debit,2019-09-04,2019-09-04,TRUE,FALSE,FALSE,2019-09-04,Porro rerum molestiae sapiente velit itaque.,4
836716,28430109725,Chadwick,Raynor,2014-09-04,8702P4CFB7,,closed,single,jamaal.hills@gmail.com,7784468779,239.62,credit,2014-09-04,2015-09-04,TRUE,TRUE,FALSE,2014-09-04,,4
234024,6.82E+11,Donnie,Pouros,2014-09-04,7685Q5K61N,8791928625,closed,married,,7324341665,314.49,credit,2014-09-04,2018-09-04,TRUE,TRUE,FALSE,2014-09-04,Cupiditate doloremque non non quo at.,3
452307,4.86E+11,Cindi,Upton,2014-09-04,Y5GR2MS6SF,,active,single,hal.legros@hotmail.com,5788251673,675.16,debit,2014-09-04,2017-09-04,FALSE,FALSE,FALSE,2014-09-04,,3
236008,5.40E+11,Ossie,Koch,2019-09-04,,,active,single,,39237672,814.59,credit,2019-09-04,2016-09-04,FALSE,FALSE,TRUE,2019-09-04,Aut dolore est libero placeat facilis.,4
1282,6.69E+11,Otto,Sporer,2016-09-04,33E0M9662I,,active,single,roslyn.nolan@yahoo.com,9864721521,207.58,credit,2016-09-04,2018-09-04,TRUE,TRUE,TRUE,2016-09-04,,4
209626,8.12E+11,Edwina,Wuckert,2014-09-04,,3989239100,closed,single,,6327882107,262.59,credit,2014-09-04,2015-09-04,FALSE,TRUE,FALSE,2014-09-04,,1
236641,7.82E+11,Kandice,Schmeler,2019-09-04,,7852637019,active,married,,2131581013,719.59,credit,2019-09-04,2014-09-04,TRUE,TRUE,FALSE,2019-09-04,,1
673406,3.81E+11,Noble,Tremblay,2014-09-04,,2873187393,closed,single,,711617538,728.11,credit,2014-09-04,2017-09-04,FALSE,FALSE,TRUE,2014-09-04,Velit distinctio tenetur quis magni ad.,1
8617,6.25E+11,Fernande,Tremblay,2018-09-04,,7928632991,active,married,,7183422866,573.05,credit,2018-09-04,2017-09-04,TRUE,TRUE,FALSE,2018-09-04,,2
372593,4.77E+11,Myron,Price,2016-09-04,,,closed,married,nelson.aufderhar@yahoo.com,1291080132,900.58,credit,2016-09-04,2016-09-04,FALSE,TRUE,FALSE,2016-09-04,Facere odit quas ut sed molestias.,2
742052,8.35E+11,Perla,Boehm,2016-09-04,,9760703746,closed,single,obdulia.bechtelar@gmail.com,5951443356,595.28,debit,2016-09-04,2020-09-04,FALSE,FALSE,TRUE,2016-09-04,,4
45142,3.43E+11,Yong,Reilly,2015-09-04,62CKDG2EKS,6364265167,active,married,kelly.flatley@hotmail.com,3470304066,155.8,credit,2015-09-04,2016-09-04,FALSE,FALSE,FALSE,2015-09-04,,2
187080,9.25E+11,Oleta,Nitzsche,2022-09-04,,,active,married,basil.wintheiser@yahoo.com,1301076846,202.61,credit,2022-09-04,2018-09-04,TRUE,FALSE,FALSE,2022-09-04,,2
85807,5.18E+11,Angelina,Morissette,2016-09-04,7I618VT0D2,4276182880,active,single,,5639458057,131.55,credit,2016-09-04,2017-09-04,TRUE,FALSE,FALSE,2016-09-04,Libero tenetur ut ea similique eaque deserunt quasi.,3
767865,2.24E+11,Aide,Davis,2014-09-04,,,active,married,jimmie.swaniawski@hotmail.com,747519288,477.76,credit,2014-09-04,2019-09-04,TRUE,TRUE,TRUE,2014-09-04,Cumque earum architecto optio.,2
70890,1.18E+11,Whitney,VonRueden,2019-09-04,37A8F904G4,3353530949,closed,single,lesha.labadie@hotmail.com,6442312765,276.8,credit,2019-09-04,2017-09-04,FALSE,FALSE,TRUE,2019-09-04,Commodi voluptas eveniet esse dolores quo.,4
453615,7.83E+11,Elmo,Schroeder,2015-09-04,,2815303407,active,married,emilio.wilkinson@yahoo.com,5436064147,761.51,debit,2015-09-04,2016-09-04,FALSE,TRUE,TRUE,2015-09-04,Quisquam possimus totam quod provident perspiciatis.,1
513361,7088526700,Marcus,Balistreri,2022-09-04,,9215096570,closed,single,,4343862062,590.59,debit,2022-09-04,2015-09-04,FALSE,FALSE,FALSE,2022-09-04,Non et ea dolore neque distinctio repellat fuga.,2
631278,4.65E+11,Fermin,Franecki,2018-09-04,,,active,married,vida.strosin@yahoo.com,7793240278,311.68,credit,2018-09-04,2017-09-04,TRUE,TRUE,FALSE,2018-09-04,,1
640213,5.42E+11,Dale,Davis,2021-09-04,97G6QFM59T,,closed,married,erinn.johnston@hotmail.com,7813574658,524.77,debit,2021-09-04,2017-09-04,TRUE,FALSE,FALSE,2021-09-04,,1
131823,4.45E+11,Lane,Shanahan,2021-09-04,,,closed,single,,8524003896,662.6,credit,2021-09-04,2015-09-04,TRUE,TRUE,FALSE,2021-09-04,,3
233080,7.93E+11,Venessa,Von,2022-09-04,43RF7WZ512,,closed,single,,6815728098,336.91,credit,2022-09-04,2021-09-04,FALSE,TRUE,TRUE,2022-09-04,Numquam est officiis consequatur iusto praesentium.,3
136052,3.14E+11,Chester,Anderson,2022-09-04,,8968663903,closed,single,marcos.lang@yahoo.com,4185547255,867.02,credit,2022-09-04,2019-09-04,TRUE,TRUE,TRUE,2022-09-04,Iusto culpa non aut odio expedita.,1
366805,2.19E+11,Carter,Hickle,2015-09-04,LX7KP27838,,active,single,laquita.wintheiser@yahoo.com,8208133626,695.33,debit,2015-09-04,2020-09-04,FALSE,FALSE,TRUE,2015-09-04,Porro occaecati autem tenetur placeat.,4
227932,5.14E+11,Rolf,Koelpin,2018-09-04,,2098304995,active,single,,3442226020,892.69,credit,2018-09-04,2018-09-04,FALSE,FALSE,TRUE,2018-09-04,,4
444496,6.87E+11,Andrew,Kuphal,2015-09-04,4MYBL656IJ,,active,single,,1200373643,216.46,credit,2015-09-04,2014-09-04,TRUE,TRUE,FALSE,2015-09-04,,4
676165,4.14E+11,Jon,Mann,2018-09-04,59133KUBQ9,,closed,married,,9863740020,256.96,credit,2018-09-04,2017-09-04,FALSE,TRUE,FALSE,2018-09-04,,2
255730,1.08E+11,Ernesto,Osinski,2016-09-04,U493T6CWJ8,9460399589,active,married,,5207099482,761.7,credit,2016-09-04,2014-09-04,FALSE,TRUE,FALSE,2016-09-04,Voluptas corporis quas eaque.,3
775744,1.53E+11,Cristopher,Kulas,2016-09-04,,,closed,married,,2089185762,61.43,credit,2016-09-04,2019-09-04,FALSE,FALSE,FALSE,2016-09-04,,2
505736,4.69E+11,Broderick,Durgan,2018-09-04,,1174857479,closed,single,marcus.turner@gmail.com,4623034035,391.52,debit,2018-09-04,2014-09-04,TRUE,FALSE,FALSE,2018-09-04,,2
450938,2.99E+11,Bernita,Hoppe,2018-09-04,,,active,married,tia.hauck@hotmail.com,9194883838,745.44,debit,2018-09-04,2020-09-04,TRUE,TRUE,TRUE,2018-09-04,Quas sed placeat cumque similique ut.,4
764396,1.44E+11,Michael,Schuster,2019-09-04,I2791N2O17,,active,single,qiana.parisian@hotmail.com,6515218870,350.79,credit,2019-09-04,2020-09-04,TRUE,FALSE,FALSE,2019-09-04,Aut qui velit incidunt nesciunt aperiam.,3
478788,2.71E+11,Nobuko,Quigley,2021-09-04,GMNU57ZK58,7398151236,active,married,savannah.gerhold@hotmail.com,2033651430,530.06,credit,2021-09-04,2020-09-04,FALSE,TRUE,FALSE,2021-09-04,,2
621898,1885841763,Meredith,Nicolas,2016-09-04,Z1337DKAN1,9146376397,closed,single,kamala.schumm@hotmail.com,4133180987,877.47,debit,2016-09-04,2021-09-04,FALSE,TRUE,TRUE,2016-09-04,Iste explicabo eum ut odit.,4
313236,7.71E+11,Kymberly,Jacobs,2020-09-04,,,active,single,justin.nader@hotmail.com,6024520615,162.91,debit,2020-09-04,2019-09-04,FALSE,FALSE,TRUE,2020-09-04,,1
311746,8.29E+11,Osvaldo,Rohan,2014-09-04,8269L10U47,,closed,single,soo.goyette@gmail.com,7634430522,340.19,credit,2014-09-04,2018-09-04,TRUE,TRUE,FALSE,2014-09-04,,4
857480,4.63E+11,Monty,Bruen,2022-09-04,,8311121457,closed,single,margery.sawayn@yahoo.com,3686414076,855.33,credit,2022-09-04,2017-09-04,TRUE,FALSE,FALSE,2022-09-04,Recusandae labore omnis similique enim.,1
468547,32227485074,Jude,Klein,2014-09-04,,2929755361,active,married,alec.franecki@hotmail.com,8294843433,951.05,credit,2014-09-04,2018-09-04,TRUE,TRUE,FALSE,2014-09-04,Rerum quo necessitatibus nam ipsum suscipit.,3
266853,7.01E+11,Barbera,Muller,2021-09-04,,,active,married,,7178462737,190.05,debit,2021-09-04,2017-09-04,TRUE,TRUE,FALSE,2021-09-04,Ab eum odio laudantium dolore ea.,4
218226,96167677640,Marshall,Huel,2020-09-04,9WN26D375A,,closed,married,,7384056454,13.07,debit,2020-09-04,2014-09-04,TRUE,FALSE,FALSE,2020-09-04,,2
105271,82651776,Zackary,Hartmann,2019-09-04,,,active,single,,4350438065,193.08,debit,2019-09-04,2015-09-04,FALSE,TRUE,TRUE,2019-09-04,Quos culpa voluptatibus.,4
709426,2.55E+11,Yong,Gutkowski,2015-09-04,7P14962T60,,active,married,,7441317864,193.58,credit,2015-09-04,2017-09-04,FALSE,TRUE,TRUE,2015-09-04,Tenetur rem velit.,1
405542,5.20E+11,Joycelyn,Bode,2020-09-04,1U115268P3,,closed,married,chloe.osinski@gmail.com,6487996780,851.78,debit,2020-09-04,2018-09-04,FALSE,TRUE,FALSE,2020-09-04,,4
342803,31424830587,Granville,Dooley,2018-09-04,25PG2S1XI2,9226798542,closed,single,lauren.jacobi@yahoo.com,4776773048,725.61,debit,2018-09-04,2021-09-04,FALSE,TRUE,FALSE,2018-09-04,Et ut provident sit facere totam autem.,4
754041,2.32E+11,Cedric,Mante,2018-09-04,,6497772146,closed,married,tanner.damore@hotmail.com,8481409145,510.77,debit,2018-09-04,2014-09-04,TRUE,FALSE,FALSE,2018-09-04,Nobis hic et perspiciatis dolor ut ea minus.,3
905593,7.24E+11,Jamee,Medhurst,2018-09-04,,8100540211,closed,married,stacey.dickens@yahoo.com,5240758002,125.58,debit,2018-09-04,2017-09-04,TRUE,TRUE,TRUE,2018-09-04,,3
33870,8.97E+11,Cliff,Crist,2021-09-04,,,closed,single,,812404255,20.66,debit,2021-09-04,2018-09-04,FALSE,FALSE,TRUE,2021-09-04,Ipsum et et ut sit.,4
263307,5.58E+11,Jestine,Collins,2016-09-04,,2167064488,active,single,,7122828359,603,debit,2016-09-04,2022-09-04,FALSE,TRUE,TRUE,2016-09-04,Placeat quis velit esse modi commodi.,2
695302,7.04E+11,Jennell,Zemlak,2015-09-04,V7D96TV4FU,6743043053,closed,single,linda.mckenzie@hotmail.com,3790330718,61.41,debit,2015-09-04,2015-09-04,FALSE,FALSE,FALSE,2015-09-04,,4
914542,1.14E+11,Hunter,Homenick,2014-09-04,2T15G1N5HI,7629925651,closed,married,,688220534,813.75,debit,2014-09-04,2016-09-04,FALSE,TRUE,TRUE,2014-09-04,,4
101977,11081243456,Franklyn,Ernser,2015-09-04,VRWXNTHW4O,1822722559,closed,married,,3572517257,537.29,credit,2015-09-04,2017-09-04,TRUE,TRUE,FALSE,2015-09-04,,2
391287,8.37E+11,Matilde,McGlynn,2020-09-04,,,active,single,,2758050609,931.69,debit,2020-09-04,2019-09-04,FALSE,TRUE,TRUE,2020-09-04,,4
659130,6.53E+11,Idell,Cummerata,2021-09-04,E49D527OX3,6800363262,active,married,,3986714025,450.95,credit,2021-09-04,2021-09-04,TRUE,FALSE,TRUE,2021-09-04,,2
11948,1.74E+11,Lauralee,Ziemann,2015-09-04,MT8365D169,1531912522,closed,married,,6462170223,903.43,debit,2015-09-04,2015-09-04,FALSE,FALSE,FALSE,2015-09-04,Qui velit voluptatem voluptates.,2
846364,2.47E+11,Marin,Nicolas,2018-09-04,F32342FC4V,6892505109,active,single,delma.sauer@yahoo.com,412187225,946.81,credit,2018-09-04,2017-09-04,TRUE,TRUE,TRUE,2018-09-04,,4
137072,2.59E+11,Odis,Pfannerstill,2018-09-04,,6508718350,active,single,,1270203274,877.97,credit,2018-09-04,2015-09-04,FALSE,TRUE,FALSE,2018-09-04,Quibusdam cupiditate nostrum ex ut fugit.,4
141307,87624755206,Devin,Willms,2014-09-04,O7FV405CQ4,2378274744,closed,married,,241623992,440.56,debit,2014-09-04,2016-09-04,FALSE,FALSE,TRUE,2014-09-04,Placeat alias velit corrupti dignissimos eius delectus.,3
431705,1.67E+11,Pat,Dare,2017-09-04,00NS4ZNJD9,6759598744,closed,married,,675444265,581.01,credit,2017-09-04,2015-09-04,FALSE,TRUE,FALSE,2017-09-04,,4
194186,2.51E+11,Carole,Hagenes,2017-09-04,,7987098211,closed,single,warner.haley@gmail.com,6044061190,476.6,credit,2017-09-04,2014-09-04,TRUE,TRUE,FALSE,2017-09-04,,4
371206,5.72E+11,Denice,Blick,2016-09-04,,,closed,single,,5525387538,827.45,credit,2016-09-04,2017-09-04,FALSE,TRUE,FALSE,2016-09-04,,2
558617,2.71E+11,Clay,Bernhard,2014-09-04,56197RQLIX,5179937663,active,married,lenard.vonrueden@hotmail.com,1535436591,169.03,credit,2014-09-04,2020-09-04,FALSE,FALSE,TRUE,2014-09-04,,3
284517,6.42E+11,Keith,Rosenbaum,2018-09-04,T2030K96FD,2238032695,closed,single,,9337350014,423.68,debit,2018-09-04,2016-09-04,TRUE,FALSE,FALSE,2018-09-04,,3
612386,3.15E+11,Sydney,Mante,2018-09-04,,,closed,married,graciela.hodkiewicz@yahoo.com,3804012406,810.51,debit,2018-09-04,2019-09-04,TRUE,TRUE,TRUE,2018-09-04,,4
336124,6.04E+11,Ezequiel,Effertz,2017-09-04,4LOO7GDCT0,8871760888,active,married,gaston.rodriguez@gmail.com,8142588033,506.02,credit,2017-09-04,2017-09-04,FALSE,TRUE,FALSE,2017-09-04,,4
679062,3.86E+11,Lourdes,McDermott,2021-09-04,20G58FSC90,,closed,single,minerva.schiller@gmail.com,45862113,72.99,credit,2021-09-04,2016-09-04,FALSE,TRUE,FALSE,2021-09-04,,3
105312,8.09E+11,Issac,Rice,2016-09-04,,,active,married,,3676878446,329.45,credit,2016-09-04,2015-09-04,TRUE,TRUE,FALSE,2016-09-04,,2
285594,8.47E+11,Freddie,Mertz,2015-09-04,,7432959299,active,single,,5370740179,843.42,debit,2015-09-04,2017-09-04,TRUE,FALSE,TRUE,2015-09-04,Quibusdam quis eaque enim magnam eligendi illo.,1
152548,8.12E+11,James,Beatty,2014-09-04,,1520278816,closed,single,lauri.reilly@hotmail.com,3574161955,586.99,debit,2014-09-04,2015-09-04,TRUE,TRUE,FALSE,2014-09-04,,3
119766,4.94E+11,Korey,Stiedemann,2017-09-04,,5026898138,active,married,,2920788590,312.89,debit,2017-09-04,2017-09-04,TRUE,FALSE,FALSE,2017-09-04,Sunt vel optio voluptate rem.,2
707625,8.20E+11,Bernie,Cole,2020-09-04,,,closed,married,shakia.barrows@gmail.com,1518003204,159.17,debit,2020-09-04,2021-09-04,TRUE,TRUE,TRUE,2020-09-04,Quibusdam earum et ut.,3
265142,3.97E+11,Melita,Lueilwitz,2018-09-04,BBD7443YTW,6522796515,closed,single,antoine.pouros@hotmail.com,5780142000,458.44,debit,2018-09-04,2021-09-04,TRUE,TRUE,TRUE,2018-09-04,Eaque enim neque.,4
47469,7.63E+11,Marty,Howe,2014-09-04,,,closed,single,,9533293644,657.82,debit,2014-09-04,2021-09-04,FALSE,FALSE,TRUE,2014-09-04,,2
662036,7.65E+11,Esther,Nicolas,2015-09-04,IN6HC2FT7O,9911403445,closed,married,rea.keebler@yahoo.com,7101357208,13.06,credit,2015-09-04,2021-09-04,FALSE,TRUE,FALSE,2015-09-04,Quia aut doloribus.,4
120994,2.58E+11,Freddie,Waelchi,2015-09-04,,,closed,married,eugene.osinski@hotmail.com,4731657152,437.62,credit,2015-09-04,2021-09-04,TRUE,TRUE,TRUE,2015-09-04,Accusantium neque velit qui quaerat.,4
197054,9.53E+11,Ashanti,Pagac,2014-09-04,,8961198381,closed,married,idalia.auer@hotmail.com,3762977918,630.57,credit,2014-09-04,2021-09-04,FALSE,TRUE,FALSE,2014-09-04,,2
965953,2.57E+11,Hyman,Jacobson,2019-09-04,GF3342FK59,9722504412,active,married,margurite.metz@hotmail.com,4274501487,656.24,debit,2019-09-04,2014-09-04,FALSE,FALSE,FALSE,2019-09-04,Quo autem voluptas.,3
216533,2.25E+11,Sung,Emmerich,2015-09-04,Z3713FLPPT,,active,single,sherron.romaguera@yahoo.com,1387669119,633.49,credit,2015-09-04,2016-09-04,TRUE,FALSE,TRUE,2015-09-04,,4
332294,2.29E+11,Dave,Crooks,2017-09-04,,9013878686,closed,single,,706594396,779.61,credit,2017-09-04,2015-09-04,TRUE,TRUE,TRUE,2017-09-04,,2
169881,2.30E+11,Zola,Collins,2015-09-04,FA3XYD24YC,,closed,single,ernestina.kuvalis@yahoo.com,1233644853,143.01,credit,2015-09-04,2022-09-04,FALSE,TRUE,FALSE,2015-09-04,,3
89668,2.60E+11,Evelina,Reinger,2016-09-04,,6021678670,closed,married,,4020370792,339.16,debit,2016-09-04,2020-09-04,FALSE,FALSE,TRUE,2016-09-04,,4
572691,4.72E+11,Nelson,Homenick,2017-09-04,0557NY59ZQ,,closed,single,palmer.murray@gmail.com,1787641037,657.71,credit,2017-09-04,2020-09-04,TRUE,FALSE,TRUE,2017-09-04,,4
455090,24608329374,Carlene,Reichert,2018-09-04,,8655113445,active,single,graham.wilderman@yahoo.com,5014285719,419.71,debit,2018-09-04,2018-09-04,FALSE,TRUE,FALSE,2018-09-04,Dolorum maxime quo deleniti fugit unde est consequatur.,4
274152,7.91E+11,Martha,Runte,2016-09-04,,5632244356,active,married,leonel.harvey@gmail.com,5863923676,771.91,debit,2016-09-04,2016-09-04,TRUE,FALSE,TRUE,2016-09-04,,2
893581,1.19E+11,Lula,Berge,2014-09-04,,,active,married,,5751475221,929.51,debit,2014-09-04,2019-09-04,TRUE,FALSE,FALSE,2014-09-04,Sunt adipisci a.,3
244597,8.49E+11,Maye,Hand,2015-09-04,7IJYH0F3NS,5088135653,closed,married,daniella.jacobi@yahoo.com,6889930183,763.08,debit,2015-09-04,2015-09-04,TRUE,FALSE,FALSE,2015-09-04,Accusamus eum voluptas esse voluptatem quis.,4
154021,61356647880,Emmett,Rogahn,2016-09-04,,,active,single,marcellus.schulist@yahoo.com,8647081828,843.37,debit,2016-09-04,2018-09-04,FALSE,FALSE,TRUE,2016-09-04,Unde quia consequatur eaque explicabo rerum laudantium.,4
16496,4.61E+11,Cherie,Schultz,2018-09-04,UB95AXAA6X,,closed,single,,6883438007,292.59,credit,2018-09-04,2014-09-04,TRUE,FALSE,TRUE,2018-09-04,Laudantium asperiores corporis nulla et nisi quos.,4
732340,3.03E+11,Denis,Bradtke,2016-09-04,BWC71ROLD0,7271514703,active,single,,7376440626,460.66,credit,2016-09-04,2017-09-04,FALSE,TRUE,FALSE,2016-09-04,,4
184421,4.88E+11,Catheryn,Gutmann,2017-09-04,,,active,single,eric.roob@gmail.com,131357513,290.33,debit,2017-09-04,2014-09-04,FALSE,TRUE,FALSE,2017-09-04,,2
561756,38702603882,Echo,Herman,2015-09-04,6W8ZJ0U5NC,,active,married,,8138246986,164.17,debit,2015-09-04,2017-09-04,TRUE,FALSE,TRUE,2015-09-04,,4
543110,7.75E+11,Avril,Littel,2020-09-04,94332457JE,,active,married,,7215363168,149.96,debit,2020-09-04,2021-09-04,TRUE,TRUE,FALSE,2020-09-04,Sed molestiae eius quaerat aperiam necessitatibus.,4
202044,70431121334,Chet,Torphy,2016-09-04,,,closed,married,,5373515551,67.23,credit,2016-09-04,2019-09-04,FALSE,FALSE,FALSE,2016-09-04,,3
685475,1.76E+11,Chu,Wilderman,2017-09-04,R1F11N3F67,8208113227,closed,married,darrel.kling@hotmail.com,5121655840,615.33,credit,2017-09-04,2016-09-04,FALSE,FALSE,TRUE,2017-09-04,Veniam quo et eveniet nam.,1
42810,4.77E+11,Wenona,Friesen,2019-09-04,,,closed,married,jonathon.harris@yahoo.com,4023430745,252.7,debit,2019-09-04,2018-09-04,FALSE,TRUE,TRUE,2019-09-04,,2
21539,4.48E+11,Kristeen,O'Hara,2018-09-04,,,active,married,reva.harber@yahoo.com,2860468446,432.71,credit,2018-09-04,2014-09-04,TRUE,TRUE,TRUE,2018-09-04,Quidem enim dolores ut qui quis explicabo numquam.,4
365908,4.70E+11,Jimmy,Wunsch,2019-09-04,BIT49S41B9,,active,married,,2075694744,732.14,debit,2019-09-04,2017-09-04,TRUE,TRUE,FALSE,2019-09-04,,3
937939,3.83E+11,Claudio,Hackett,2018-09-04,,1452239770,active,single,,1643081117,878.74,debit,2018-09-04,2014-09-04,TRUE,FALSE,FALSE,2018-09-04,Quia ipsam consequatur omnis voluptates et.,3
457257,7.76E+11,Ethelene,Steuber,2014-09-04,,,active,single,,103000722,585.15,credit,2014-09-04,2020-09-04,FALSE,TRUE,TRUE,2014-09-04,Expedita dolorem architecto sequi sint sunt consequuntur fugiat.,2
345826,6.37E+11,Krystle,Kautzer,2016-09-04,86NQQ5701O,,closed,single,jarvis.fadel@yahoo.com,52641755,240.92,debit,2016-09-04,2019-09-04,FALSE,FALSE,TRUE,2016-09-04,Omnis commodi eum quia molestiae sed.,3
666356,5.40E+11,Cesar,Sauer,2018-09-04,,,closed,married,alfonzo.oberbrunner@yahoo.com,1668327298,228.55,debit,2018-09-04,2015-09-04,FALSE,TRUE,TRUE,2018-09-04,,3
765579,8.71E+11,Jong,Reichert,2014-09-04,,,closed,single,,2639887827,829.89,debit,2014-09-04,2016-09-04,FALSE,FALSE,TRUE,2014-09-04,Blanditiis doloremque impedit minus.,4
82514,1.38E+11,Adriana,Moore,2014-09-04,0AS4X68424,,active,married,,1901760438,506.28,debit,2014-09-04,2014-09-04,TRUE,FALSE,FALSE,2014-09-04,Nulla illum quam.,4
953818,4.05E+11,Deandre,Runolfsdottir,2020-09-04,,6700807185,active,single,,1264635002,290.35,debit,2020-09-04,2020-09-04,TRUE,TRUE,FALSE,2020-09-04,,1
707423,6.48E+11,Leon,Powlowski,2018-09-04,Z7PXXJX969,,closed,married,joane.emard@yahoo.com,6505473224,954.11,debit,2018-09-04,2017-09-04,TRUE,FALSE,FALSE,2018-09-04,Possimus quis ut.,4
337516,8.55E+11,Dominick,Dooley,2014-09-04,,4735718522,active,single,britney.cremin@hotmail.com,6521751720,396.31,debit,2014-09-04,2016-09-04,FALSE,FALSE,FALSE,2014-09-04,,4
277015,6.36E+11,Princess,Cummerata,2019-09-04,F5WJ63IZ1K,8291365449,active,married,,9415479351,624.27,debit,2019-09-04,2018-09-04,TRUE,FALSE,FALSE,2019-09-04,,4
38279,7.96E+11,Boyd,Doyle,2017-09-04,85B2VU437Z,,active,married,,423384470,399.14,credit,2017-09-04,2015-09-04,TRUE,TRUE,FALSE,2017-09-04,Mollitia qui modi accusantium dignissimos quia et.,3
990294,7.17E+11,Rayford,Jacobson,2015-09-04,,9679266894,closed,single,cassy.bode@gmail.com,1090759581,364.69,debit,2015-09-04,2015-09-04,TRUE,FALSE,TRUE,2015-09-04,Adipisci accusamus molestiae.,3
438680,4.87E+11,Gaye,VonRueden,2015-09-04,3T9C4G8374,1203796930,closed,married,kris.hammes@gmail.com,6926974598,974.99,debit,2015-09-04,2015-09-04,TRUE,TRUE,FALSE,2015-09-04,Architecto autem quis in ut sunt dolorum.,3
186959,4.62E+11,Tatyana,Reinger,2014-09-04,9REFLN92VM,8616619023,closed,married,renita.gutmann@hotmail.com,4377800745,42.52,debit,2014-09-04,2021-09-04,FALSE,TRUE,TRUE,2014-09-04,Ipsum in aperiam aliquam suscipit.,2
260641,4.53E+11,Gino,Bode,2019-09-04,,2168978849,closed,single,,7057348675,681.33,credit,2019-09-04,2022-09-04,FALSE,FALSE,TRUE,2019-09-04,,2
178522,5.03E+11,Tynisha,Cole,2017-09-04,9377D2V3O5,,active,married,delila.gleichner@gmail.com,121617489,300.07,credit,2017-09-04,2020-09-04,FALSE,FALSE,TRUE,2017-09-04,,4
469918,1.37E+11,Jerald,Nitzsche,2020-09-04,I6J24EOK82,3904268669,closed,single,,8641927864,387.46,credit,2020-09-04,2018-09-04,FALSE,TRUE,TRUE,2020-09-04,Similique inventore nihil vitae nisi aut excepturi.,4
643845,1.61E+11,Cythia,Feil,2020-09-04,612WD79B20,3182618223,closed,married,maria.gutmann@yahoo.com,1288835406,236.7,credit,2020-09-04,2017-09-04,FALSE,TRUE,FALSE,2020-09-04,Necessitatibus cupiditate iste voluptatum ut expedita ut ea.,4
173201,1.94E+11,Telma,Fritsch,2018-09-04,,3265716169,active,single,,8872037892,234.49,credit,2018-09-04,2021-09-04,TRUE,TRUE,TRUE,2018-09-04,,2
238098,1.21E+11,Suzan,Goodwin,2014-09-04,,,closed,married,kristal.purdy@yahoo.com,7431877126,616.2,credit,2014-09-04,2017-09-04,TRUE,TRUE,FALSE,2014-09-04,,4
534232,62266411744,Williams,Reichert,2014-09-04,W9FSP1Y5T3,4290477961,active,single,lacy.robel@hotmail.com,6841103415,598.01,credit,2014-09-04,2014-09-04,TRUE,FALSE,TRUE,2014-09-04,,4
413118,4.81E+11,Markus,Skiles,2021-09-04,LD9GT956O6,5244539612,closed,single,,5838168822,402.28,debit,2021-09-04,2014-09-04,FALSE,TRUE,FALSE,2021-09-04,,1
614905,6.38E+11,Janey,Kuphal,2016-09-04,,,active,married,darnell.wehner@gmail.com,2285740628,536.29,debit,2016-09-04,2014-09-04,FALSE,TRUE,TRUE,2016-09-04,Odit est aut voluptas id.,4
36084,31274277988,Charlie,Bayer,2018-09-04,,6133972831,active,married,sonja.leffler@hotmail.com,6555245725,15.37,debit,2018-09-04,2018-09-04,FALSE,FALSE,TRUE,2018-09-04,Asperiores modi vel voluptas sit omnis veniam.,4
35725,4.42E+11,Bruno,Romaguera,2014-09-04,,5441193170,active,married,,1249203352,105.8,debit,2014-09-04,2014-09-04,TRUE,TRUE,TRUE,2014-09-04,Repudiandae sunt voluptates esse.,2
717024,1.03E+11,Raven,Cronin,2017-09-04,,4188493160,closed,single,,6078767004,239.59,credit,2017-09-04,2017-09-04,FALSE,TRUE,TRUE,2017-09-04,,2
245080,6.86E+11,Janna,Quigley,2016-09-04,,,active,single,,8884210267,873.9,credit,2016-09-04,2021-09-04,TRUE,TRUE,TRUE,2016-09-04,Iure occaecati explicabo.,3
660757,1.95E+11,Denese,Sipes,2016-09-04,,6252343597,closed,single,waldo.effertz@gmail.com,712909844,642.59,debit,2016-09-04,2014-09-04,FALSE,TRUE,TRUE,2016-09-04,,4
205375,5.81E+11,Gillian,Schiller,2021-09-04,8V9307PCNZ,,active,single,dorine.boyer@gmail.com,2160732580,966.07,debit,2021-09-04,2015-09-04,FALSE,TRUE,FALSE,2021-09-04,Corporis omnis qui nisi quam ut fuga sunt.,3
833430,3.23E+11,Darby,Beer,2019-09-04,151Q844N4A,,closed,single,,9786659103,72.46,debit,2019-09-04,2019-09-04,TRUE,TRUE,TRUE,2019-09-04,,3
556731,3.20E+11,Corine,Runolfsson,2019-09-04,27LD7KEQKM,3614871727,closed,married,,3996230247,925.18,debit,2019-09-04,2019-09-04,FALSE,FALSE,FALSE,2019-09-04,A aut reprehenderit eius omnis occaecati sed.,4
435158,2.09E+11,Stephan,Cummerata,2014-09-04,,1247968932,closed,single,kortney.jacobi@yahoo.com,832700371,606.65,debit,2014-09-04,2022-09-04,FALSE,FALSE,FALSE,2014-09-04,Odio voluptate nesciunt accusantium nam debitis facere repudiandae.,1
709258,6.63E+11,Marco,Nikolaus,2014-09-04,43QI8A5DC8,1024759938,active,single,,6164420517,830.8,debit,2014-09-04,2022-09-04,TRUE,FALSE,TRUE,2014-09-04,,3
218558,5.06E+11,May,Rodriguez,2016-09-04,,,active,married,javier.okon@hotmail.com,5478618309,828.89,debit,2016-09-04,2016-09-04,FALSE,TRUE,FALSE,2016-09-04,Accusamus esse qui harum non.,1
536457,9.99E+11,Chris,Botsford,2020-09-04,BTYS8R3XIN,,active,married,shon.stehr@hotmail.com,8912746356,700.88,debit,2020-09-04,2015-09-04,FALSE,TRUE,TRUE,2020-09-04,,2
833757,86854824127,Garland,Heathcote,2015-09-04,,1637266740,active,single,jason.auer@hotmail.com,3312341572,68.9,debit,2015-09-04,2017-09-04,FALSE,FALSE,TRUE,2015-09-04,Facilis et voluptatum expedita repellendus quia consequatur.,2
673730,41315525928,Burl,Reynolds,2017-09-04,JG2J5S2XDQ,3593367510,closed,married,corey.stokes@gmail.com,4801768798,183.28,debit,2017-09-04,2022-09-04,FALSE,FALSE,FALSE,2017-09-04,Illum quia tempore fugit dolor minima voluptates et.,1
572870,7.64E+11,Kate,Schuppe,2019-09-04,7U247X2010,4676712973,closed,single,erik.kirlin@gmail.com,1708639076,577.54,credit,2019-09-04,2016-09-04,FALSE,TRUE,FALSE,2019-09-04,,2
108834,7.20E+11,Timmy,Schamberger,2022-09-04,E680XZRA4I,,active,single,,7673465862,252.56,debit,2022-09-04,2015-09-04,TRUE,TRUE,TRUE,2022-09-04,Vel nesciunt modi natus.,3
718760,7.28E+11,Frederick,Simonis,2018-09-04,,,active,single,,8830683260,84.05,debit,2018-09-04,2016-09-04,FALSE,FALSE,FALSE,2018-09-04,Praesentium sint autem animi similique qui.,2
861298,8.41E+11,August,Corwin,2014-09-04,,,closed,single,,8887707485,906.32,credit,2014-09-04,2017-09-04,TRUE,FALSE,TRUE,2014-09-04,Odit dolore architecto doloremque.,4
76056,9.42E+11,Allen,Johns,2021-09-04,24HJG6TA4A,,active,married,sidney.schmitt@gmail.com,5351011565,813.45,debit,2021-09-04,2019-09-04,TRUE,TRUE,FALSE,2021-09-04,,2
70056,1.60E+11,Weldon,Carroll,2019-09-04,,,closed,married,jestine.bernier@hotmail.com,6624973929,140.62,credit,2019-09-04,2015-09-04,TRUE,TRUE,FALSE,2019-09-04,,1
905499,5.56E+11,Aurore,Emmerich,2014-09-04,,,closed,married,buck.oreilly@gmail.com,2055564360,678.5,credit,2014-09-04,2016-09-04,TRUE,TRUE,TRUE,2014-09-04,Placeat expedita voluptatibus illum est corporis.,4
737215,5.42E+11,Kenda,Towne,2022-09-04,05DL8F500U,,active,married,dexter.jerde@gmail.com,1501302247,370.09,credit,2022-09-04,2020-09-04,TRUE,FALSE,TRUE,2022-09-04,Consequatur voluptatem nulla quos atque reprehenderit.,3
576106,4.88E+11,Alexis,Murray,2014-09-04,,,active,married,,8832406497,877.96,debit,2014-09-04,2014-09-04,FALSE,TRUE,TRUE,2014-09-04,Omnis similique accusantium eos sunt repudiandae.,2
589271,6.42E+11,Connie,Farrell,2014-09-04,49AOSG7J3N,5246786775,closed,single,blaine.lang@gmail.com,6444841942,877.36,credit,2014-09-04,2019-09-04,FALSE,TRUE,TRUE,2014-09-04,,1
588243,9.58E+11,Patricia,Orn,2018-09-04,79AZ8F950W,,closed,married,,8157960111,887.7,credit,2018-09-04,2014-09-04,FALSE,TRUE,TRUE,2018-09-04,Et voluptatem tempora.,4
160565,8.32E+11,Toby,Kutch,2017-09-04,,6747672959,closed,married,reid.bartoletti@yahoo.com,3063455625,679.82,credit,2017-09-04,2016-09-04,FALSE,FALSE,TRUE,2017-09-04,Consequatur tenetur maxime labore consequatur molestiae dolorem.,4
546157,8.32E+11,Hyon,Zemlak,2017-09-04,,6753686296,active,single,dorthea.ratke@yahoo.com,1294228788,544.67,debit,2017-09-04,2014-09-04,TRUE,FALSE,TRUE,2017-09-04,Ut iusto unde ullam architecto deserunt.,3
589374,8.32E+11,Kenton,Abernathy,2017-09-04,,,closed,married,,7175544063,104.77,debit,2017-09-04,2020-09-04,FALSE,FALSE,FALSE,2017-09-04,,1
917011,4.88E+11,Era,Howe,2014-09-04,,8490706524,active,married,,6461794466,108.93,debit,2014-09-04,2021-09-04,FALSE,TRUE,TRUE,2014-09-04,Sint numquam rerum ducimus aut sequi.,3
854967,7.56E+11,Leoma,Leffler,2019-09-04,,,closed,single,jack.mosciski@hotmail.com,2062736382,133.09,credit,2019-09-04,2014-09-04,TRUE,TRUE,TRUE,2019-09-04,Sunt accusantium expedita inventore nesciunt est aut.,4
821057,9.59E+11,Nguyet,Kilback,2022-09-04,S5LBZ723KP,,active,married,franklyn.runte@yahoo.com,4323422540,548.29,credit,2022-09-04,2015-09-04,TRUE,TRUE,TRUE,2022-09-04,,1
140636,1.62E+11,Grazyna,VonRueden,2021-09-04,49HP7B15PO,2335530971,active,married,,5396663710,891.81,credit,2021-09-04,2020-09-04,FALSE,TRUE,FALSE,2021-09-04,,4
230424,7.86E+11,Arlyne,Vandervort,2018-09-04,DUXT4073Q8,,closed,single,,3473661613,607.1,debit,2018-09-04,2021-09-04,TRUE,TRUE,TRUE,2018-09-04,Nam impedit nobis et blanditiis.,3
301388,6.34E+11,Cecila,Frami,2017-09-04,,,closed,single,chiquita.strosin@hotmail.com,2143422203,102.08,credit,2017-09-04,2014-09-04,FALSE,TRUE,FALSE,2017-09-04,Asperiores eius voluptate libero nihil quod.,2
367116,2.70E+11,Terra,McLaughlin,2017-09-04,DYJG31N4YP,5437273678,active,married,,6662847300,394.88,credit,2017-09-04,2019-09-04,TRUE,FALSE,TRUE,2017-09-04,,3
213740,7.13E+11,Kandice,Morissette,2014-09-04,1F7735TWQF,,closed,single,,44901187,796.26,debit,2014-09-04,2020-09-04,FALSE,TRUE,FALSE,2014-09-04,,2
275618,7.19E+11,Lenard,Howell,2021-09-04,10V1ERTDF7,,closed,married,freddie.mueller@hotmail.com,689639651,185.14,debit,2021-09-04,2014-09-04,FALSE,FALSE,TRUE,2021-09-04,Ea consequatur dicta fugiat ullam.,2
543387,1.13E+11,Susie,Bailey,2018-09-04,OS8811P4YM,,active,single,cierra.turner@yahoo.com,2039686466,751.19,credit,2018-09-04,2016-09-04,FALSE,TRUE,FALSE,2018-09-04,,4
544523,6.81E+11,Robin,Feeney,2014-09-04,F2125RN109,,active,single,,5711731563,556.07,credit,2014-09-04,2019-09-04,TRUE,FALSE,TRUE,2014-09-04,Quisquam cupiditate non porro.,4
921228,3.84E+11,Emanuel,Nader,2020-09-04,,,active,single,palmer.wehner@hotmail.com,9924821001,89.32,debit,2020-09-04,2014-09-04,FALSE,TRUE,FALSE,2020-09-04,,1
87166,3.69E+11,Anibal,Stark,2020-09-04,78ADJGF0FY,,active,married,,2220168524,90.72,debit,2020-09-04,2014-09-04,TRUE,FALSE,TRUE,2020-09-04,,2
376773,7.11E+11,Wilson,McKenzie,2019-09-04,,7253906791,active,married,,5492487315,175.8,debit,2019-09-04,2020-09-04,TRUE,TRUE,FALSE,2019-09-04,,4
423556,7.27E+11,Ahmad,Rutherford,2021-09-04,,,closed,single,,2879784119,186.88,debit,2021-09-04,2015-09-04,TRUE,TRUE,TRUE,2021-09-04,,2
831885,64263115573,Davina,Hegmann,2020-09-04,93REWZ3L16,,closed,married,,2541801828,71.21,debit,2020-09-04,2019-09-04,TRUE,TRUE,TRUE,2020-09-04,Iusto voluptatem repellat facilis expedita omnis hic.,4
853550,1.37E+11,Ghislaine,Vandervort,2019-09-04,,7326946552,closed,married,senaida.mckenzie@hotmail.com,5562394542,501.08,debit,2019-09-04,2020-09-04,TRUE,TRUE,TRUE,2019-09-04,,4
274,6.77E+11,Sidney,Tillman,2015-09-04,,2291380371,active,single,,3611323403,116.34,debit,2015-09-04,2020-09-04,TRUE,TRUE,FALSE,2015-09-04,Voluptates vel labore.,2
472923,2.20E+11,Doyle,Simonis,2022-09-04,69Q6S14F6J,7986699153,closed,married,,4788322725,659.26,credit,2022-09-04,2022-09-04,TRUE,TRUE,FALSE,2022-09-04,Veniam suscipit sed molestias maiores ut.,3
529358,4.69E+11,Levi,Wehner,2019-09-04,,7291564282,closed,single,hal.shields@gmail.com,8374133352,967.62,credit,2019-09-04,2016-09-04,FALSE,FALSE,TRUE,2019-09-04,,2
876880,2.67E+11,Melynda,Labadie,2020-09-04,,,closed,single,boyce.okeefe@yahoo.com,1750276315,248.13,credit,2020-09-04,2016-09-04,FALSE,FALSE,FALSE,2020-09-04,,1
134070,4.15E+11,Raquel,Kulas,2017-09-04,24I4J43013,,active,married,,7175281711,673.08,credit,2017-09-04,2015-09-04,TRUE,TRUE,FALSE,2017-09-04,,1
22574,3.71E+11,Dia,Collins,2016-09-04,R1E9NLO04C,,closed,single,irvin.klein@yahoo.com,849718780,923.17,credit,2016-09-04,2020-09-04,TRUE,FALSE,TRUE,2016-09-04,Voluptatem reiciendis dolore rerum ex.,3
258024,4.21E+11,Brinda,Kertzmann,2015-09-04,E9M86JJYLH,1623793144,closed,married,gustavo.kihn@yahoo.com,3473269481,246.06,credit,2015-09-04,2022-09-04,TRUE,TRUE,TRUE,2015-09-04,Ea doloribus autem.,4
532672,1.30E+11,Sonya,Hilll,2018-09-04,EA9S66NBTZ,8873331144,active,married,,5455178693,966.4,credit,2018-09-04,2019-09-04,TRUE,FALSE,TRUE,2018-09-04,,2
586538,3.44E+11,Zachary,McGlynn,2019-09-04,,,closed,single,,6513418417,391.2,credit,2019-09-04,2017-09-04,FALSE,TRUE,TRUE,2019-09-04,Consequuntur et qui ipsum quo et est.,4
204364,1.23E+11,Grisel,Baumbach,2017-09-04,,,active,single,,2362208535,571.06,credit,2017-09-04,2019-09-04,TRUE,FALSE,TRUE,2017-09-04,,3
317871,6.78E+11,Dianne,Collier,2015-09-04,,8003322624,active,single,,5261944227,747,credit,2015-09-04,2015-09-04,FALSE,FALSE,TRUE,2015-09-04,Et qui amet aliquam vel quas facere.,1
580571,2.31E+11,Jessie,Ziemann,2020-09-04,FQM76SJ722,,active,single,tim.heidenreich@gmail.com,4886998586,710.08,credit,2020-09-04,2014-09-04,TRUE,FALSE,FALSE,2020-09-04,Accusamus est voluptas voluptate.,1
892112,3.15E+11,Augustus,Boyle,2021-09-04,3S5N2J5Z6N,9614856627,active,married,,552503640,427.85,credit,2021-09-04,2019-09-04,FALSE,TRUE,TRUE,2021-09-04,,3
720945,7.07E+11,Shanda,Larkin,2017-09-04,,6492816523,closed,married,,8670427424,677.44,credit,2017-09-04,2020-09-04,FALSE,TRUE,FALSE,2017-09-04,,3
787350,5.07E+11,Emily,Treutel,2014-09-04,,5395951717,closed,single,thaddeus.orn@yahoo.com,2646106335,442.68,debit,2014-09-04,2014-09-04,FALSE,FALSE,TRUE,2014-09-04,,1
202350,1.51E+11,Serina,Brown,2015-09-04,2T387VE73P,4055809309,active,married,,610707545,248.66,credit,2015-09-04,2014-09-04,FALSE,TRUE,TRUE,2015-09-04,,4
454910,4.56E+11,Antonetta,Wiza,2015-09-04,Q3A0BQNH5F,,closed,married,,8573416838,136.93,debit,2015-09-04,2019-09-04,TRUE,TRUE,TRUE,2015-09-04,,4
308961,6.27E+11,Jame,Pagac,2020-09-04,ZSCCIL09YW,2693985965,closed,single,freddie.johnson@yahoo.com,370806800,572.19,credit,2020-09-04,2017-09-04,FALSE,FALSE,FALSE,2020-09-04,At possimus quasi et laudantium.,2
786502,7.63E+11,Miguel,Kulas,2021-09-04,,,closed,single,roger.wehner@hotmail.com,2650958618,632.28,credit,2021-09-04,2015-09-04,TRUE,FALSE,FALSE,2021-09-04,Sunt qui ullam dolore.,4
790668,1.07E+11,Van,Bashirian,2014-09-04,3V0O743W6B,,active,single,,5456848008,792.55,credit,2014-09-04,2016-09-04,FALSE,FALSE,FALSE,2014-09-04,,2
428613,1.81E+11,Sammie,Gibson,2017-09-04,7G98K48WSM,1384759096,active,single,scott.jacobson@yahoo.com,1208637800,793.19,debit,2017-09-04,2020-09-04,TRUE,TRUE,FALSE,2017-09-04,,4
707015,6.36E+11,Ethyl,Miller,2020-09-04,5V50LANTU3,4691070174,closed,single,,5278866710,934.61,debit,2020-09-04,2018-09-04,FALSE,FALSE,FALSE,2020-09-04,,4
179256,1.67E+11,Winford,Bruen,2018-09-04,F1S3IYJSV5,3470164001,active,single,maryanne.bogisich@yahoo.com,4318804980,340.83,debit,2018-09-04,2018-09-04,TRUE,TRUE,FALSE,2018-09-04,,2
733884,4.75E+11,Ulrike,Weber,2020-09-04,,7733977500,closed,married,,631771621,126.05,credit,2020-09-04,2017-09-04,TRUE,FALSE,TRUE,2020-09-04,Sed fuga rem.,4
201885,6.80E+11,Elfreda,Bode,2021-09-04,,,closed,single,wayne.kemmer@gmail.com,313704218,2.41,debit,2021-09-04,2019-09-04,TRUE,FALSE,FALSE,2021-09-04,Iusto tenetur et rerum vel excepturi autem.,1
536264,4.49E+11,Maribel,Watsica,2020-09-04,,2031123255,closed,married,,3492730836,464.21,credit,2020-09-04,2014-09-04,TRUE,FALSE,TRUE,2020-09-04,,4
206372,5.74E+11,Karon,Hammes,2018-09-04,WI36444K1P,,closed,single,,4841519691,785.98,debit,2018-09-04,2021-09-04,TRUE,TRUE,FALSE,2018-09-04,Voluptate vel perspiciatis sit est.,2
389508,4.34E+11,Son,Klocko,2016-09-04,886Q2441IR,,closed,married,lyman.connelly@yahoo.com,4552870193,143.34,debit,2016-09-04,2018-09-04,FALSE,TRUE,FALSE,2016-09-04,Et voluptas exercitationem.,2
144736,75111760674,Claudio,Cole,2014-09-04,6MR9908ES5,,closed,single,,8033048783,332.47,credit,2014-09-04,2021-09-04,FALSE,TRUE,FALSE,2014-09-04,,4
951074,6.64E+11,Cortez,Boyle,2020-09-04,,5934526112,active,married,,3678826556,609.34,credit,2020-09-04,2014-09-04,FALSE,FALSE,FALSE,2020-09-04,Libero sed maiores quasi.,1
477874,5.21E+11,Rafaela,Emmerich,2014-09-04,,,active,single,norine.krajcik@hotmail.com,4745308499,758.93,credit,2014-09-04,2019-09-04,FALSE,FALSE,FALSE,2014-09-04,,3
345042,1.43E+11,Dianna,Bergnaum,2014-09-04,,,closed,single,reyes.parisian@gmail.com,5601407980,822.97,credit,2014-09-04,2020-09-04,TRUE,FALSE,FALSE,2014-09-04,,3
996374,8.04E+11,Lenard,Larson,2019-09-04,M1ZIZ30NMX,8081900594,closed,married,dolores.koch@yahoo.com,5086632262,331.63,debit,2019-09-04,2016-09-04,TRUE,TRUE,TRUE,2019-09-04,,4
58770,2238310457,Neville,Herzog,2019-09-04,,,active,single,,2765632511,406.48,debit,2019-09-04,2014-09-04,TRUE,FALSE,TRUE,2019-09-04,,1
377368,1.53E+11,Bonita,Emmerich,2020-09-04,33W6AQ7717,,active,single,ligia.thiel@gmail.com,2847374058,496.51,debit,2020-09-04,2017-09-04,FALSE,FALSE,TRUE,2020-09-04,,2
185695,7.83E+11,Judson,Hudson,2016-09-04,,,closed,single,vertie.kemmer@yahoo.com,1280400370,101.43,debit,2016-09-04,2015-09-04,FALSE,TRUE,TRUE,2016-09-04,,4
566836,8.63E+11,Alix,Kuvalis,2019-09-04,DGIANN7419,,active,married,thomas.beatty@hotmail.com,8423462370,173.32,credit,2019-09-04,2014-09-04,FALSE,FALSE,FALSE,2019-09-04,Est consequatur labore.,2
378670,54126488783,Colby,Abshire,2018-09-04,,,closed,single,,1735870038,473.46,credit,2018-09-04,2016-09-04,FALSE,TRUE,TRUE,2018-09-04,Est pariatur nulla consequatur.,4
317494,2.63E+11,Shawana,Koch,2019-09-04,RF8UE9GG4P,6398335811,closed,single,,3855886320,557.12,credit,2019-09-04,2015-09-04,FALSE,TRUE,TRUE,2019-09-04,Rerum ut sit quo provident aut.,3
663206,4.06E+11,Inger,Nolan,2015-09-04,,,closed,married,isreal.emmerich@hotmail.com,8161473811,483.96,debit,2015-09-04,2016-09-04,TRUE,TRUE,TRUE,2015-09-04,Rerum delectus praesentium id nihil.,4
277000,1.44E+11,Wendi,Schaden,2014-09-04,,5920588115,active,single,luther.macejkovic@gmail.com,312145447,251.11,debit,2014-09-04,2015-09-04,TRUE,TRUE,TRUE,2014-09-04,Vel sed fugit.,1
777381,4.82E+11,Vaughn,Pacocha,2022-09-04,,1662210605,closed,married,dalton.carter@hotmail.com,4909355652,400.08,credit,2022-09-04,2015-09-04,TRUE,FALSE,FALSE,2022-09-04,Veritatis et dolorum commodi doloremque rerum eos.,4
533705,62495802210,Hee,Mertz,2021-09-04,9LW7D38D57,,closed,single,brice.friesen@hotmail.com,343065565,895.35,debit,2021-09-04,2021-09-04,FALSE,FALSE,TRUE,2021-09-04,,2
251263,3.63E+11,Claud,Hauck,2016-09-04,22N8E80IL4,,closed,single,kraig.rice@yahoo.com,806685154,656.41,debit,2016-09-04,2015-09-04,TRUE,FALSE,TRUE,2016-09-04,Ea vel et recusandae.,4
52100,4.13E+11,Harland,Botsford,2014-09-04,833QX27866,4812530902,active,single,amos.larkin@yahoo.com,2384413653,834.01,debit,2014-09-04,2017-09-04,TRUE,TRUE,TRUE,2014-09-04,,3
530621,6.11E+11,Malcom,Crooks,2016-09-04,FW9W2QJY4U,,closed,married,,4206062828,372.44,debit,2016-09-04,2020-09-04,TRUE,FALSE,TRUE,2016-09-04,Modi voluptatem libero.,3
800318,2.58E+11,Manual,Legros,2016-09-04,,,active,single,reed.durgan@hotmail.com,8272408113,139.91,credit,2016-09-04,2021-09-04,FALSE,TRUE,FALSE,2016-09-04,,3
384257,8.33E+11,Harry,Donnelly,2019-09-04,,,active,single,,3766705764,24.86,debit,2019-09-04,2017-09-04,FALSE,TRUE,TRUE,2019-09-04,,2
669042,96754762970,Jacquelyn,Bergnaum,2017-09-04,,,closed,married,lawrence.bradtke@hotmail.com,2747517251,33.48,debit,2017-09-04,2014-09-04,FALSE,FALSE,FALSE,2017-09-04,Aut repellat optio rerum culpa quia eum.,1
841011,28767377831,Jarrett,Stroman,2021-09-04,7X48L9O0GJ,3829430089,active,single,,7668684119,835.88,debit,2021-09-04,2017-09-04,TRUE,FALSE,TRUE,2021-09-04,Unde laudantium asperiores velit.,2
302362,4.65E+11,Brad,Botsford,2019-09-04,,3290443687,active,married,,4324343110,802.13,debit,2019-09-04,2022-09-04,TRUE,TRUE,TRUE,2019-09-04,Nulla neque nemo.,1
213032,8.96E+11,Carol,Walker,2020-09-04,48M42HZN4J,,closed,married,bennett.toy@gmail.com,207307238,711.2,credit,2020-09-04,2020-09-04,FALSE,TRUE,FALSE,2020-09-04,Fuga sit perferendis et.,4
48524,1.55E+11,Shanti,Feeney,2014-09-04,,8493694785,closed,married,,8430748751,743.93,debit,2014-09-04,2021-09-04,FALSE,FALSE,TRUE,2014-09-04,,4
448117,9.69E+11,Sherwood,Morissette,2014-09-04,5MNXWW43T1,,closed,single,bradford.tromp@gmail.com,4806161914,518.29,debit,2014-09-04,2014-09-04,TRUE,FALSE,TRUE,2014-09-04,,3
651484,4.41E+11,Frankie,Hettinger,2017-09-04,,,active,married,thresa.swaniawski@yahoo.com,6448170121,968.1,credit,2017-09-04,2015-09-04,FALSE,FALSE,TRUE,2017-09-04,,4
134240,1.17E+11,Tommie,Hirthe,2016-09-04,913S4A44IR,9380579808,active,married,,2656771222,806.66,debit,2016-09-04,2021-09-04,TRUE,FALSE,TRUE,2016-09-04,,4
468124,3.18E+11,Kent,Sipes,2018-09-04,,1932610878,active,single,bobby.cassin@gmail.com,4176107326,87.61,credit,2018-09-04,2022-09-04,TRUE,TRUE,TRUE,2018-09-04,,4
862421,9.62E+11,Murray,Dibbert,2014-09-04,,8894546922,active,married,,7613865841,200.21,debit,2014-09-04,2019-09-04,FALSE,TRUE,FALSE,2014-09-04,Ipsam molestias corrupti totam impedit excepturi error.,4
554175,1.08E+11,Vickey,Gottlieb,2014-09-04,,1151572669,closed,married,,7112437789,933.25,credit,2014-09-04,2019-09-04,TRUE,FALSE,FALSE,2014-09-04,,1
342774,8.95E+11,Torri,Langosh,2022-09-04,G8685PZ2L4,,active,single,anjelica.hills@yahoo.com,607593814,490.81,credit,2022-09-04,2015-09-04,TRUE,FALSE,TRUE,2022-09-04,Sapiente numquam aliquam quia tempore.,4
835277,4.24E+11,Carl,Cartwright,2019-09-04,,8706064958,active,single,larita.friesen@yahoo.com,1544587767,382.43,credit,2019-09-04,2018-09-04,FALSE,FALSE,FALSE,2019-09-04,Consequuntur nihil et voluptatibus esse.,4
174988,9.90E+11,Clayton,Erdman,2015-09-04,,5379658941,active,married,titus.harris@yahoo.com,3441336663,426.98,credit,2015-09-04,2016-09-04,FALSE,FALSE,FALSE,2015-09-04,Rem minus saepe.,2
431604,3.09E+11,Reanna,Bahringer,2021-09-04,U8OZ137Z78,,closed,single,lupe.tillman@yahoo.com,9775033643,161.83,debit,2021-09-04,2019-09-04,FALSE,FALSE,TRUE,2021-09-04,Modi quod consequuntur quaerat reiciendis sit.,4
75452,8.72E+11,Antony,Bogan,2017-09-04,194231J96M,4653534313,closed,married,,7407055838,813.78,credit,2017-09-04,2021-09-04,FALSE,FALSE,TRUE,2017-09-04,,4
14431,1.60E+11,Arthur,Cartwright,2015-09-04,4990XF606C,,active,single,yaeko.cremin@yahoo.com,49828524,208.8,credit,2015-09-04,2020-09-04,TRUE,FALSE,TRUE,2015-09-04,,3
446857,7.44E+11,Hee,Hegmann,2018-09-04,,,active,married,,3770980764,740.26,debit,2018-09-04,2018-09-04,TRUE,TRUE,FALSE,2018-09-04,,4
165405,4.12E+11,Ervin,Fisher,2021-09-04,QJ6767V3JK,6322702110,closed,single,ronny.aufderhar@gmail.com,4140938409,213.96,debit,2021-09-04,2015-09-04,FALSE,TRUE,TRUE,2021-09-04,Quaerat enim dicta aspernatur quaerat dolores.,3
384764,5.07E+11,Jerrell,Roberts,2019-09-04,,,closed,single,,7481508474,900.1,credit,2019-09-04,2014-09-04,FALSE,TRUE,FALSE,2019-09-04,Nihil quae ut.,4
67971,8.38E+11,Peter,Fisher,2015-09-04,X9CM6R6PLB,,active,married,maxine.okeefe@yahoo.com,1733606727,835.26,credit,2015-09-04,2017-09-04,TRUE,FALSE,FALSE,2015-09-04,Cumque ipsum molestias autem voluptate voluptas.,4
672746,4.65E+11,Shauna,Lindgren,2017-09-04,F7X6848JQ7,9990365688,closed,single,chang.kassulke@hotmail.com,2227154173,394.19,debit,2017-09-04,2020-09-04,TRUE,FALSE,FALSE,2017-09-04,,4
143466,36877933294,Caroline,Pouros,2017-09-04,5ECD8ICKMW,5138896385,active,single,,5561454297,904.94,debit,2017-09-04,2019-09-04,FALSE,FALSE,TRUE,2017-09-04,Earum amet nostrum iste nobis itaque eum.,4
507649,2.00E+11,Jospeh,Pfannerstill,2017-09-04,5HJ7KY3G07,7068774897,active,single,,4600535165,923.41,debit,2017-09-04,2020-09-04,TRUE,TRUE,TRUE,2017-09-04,Velit suscipit voluptatibus eveniet iusto.,4
832785,5.16E+11,Daria,King,2017-09-04,820623NWX5,,active,single,,2020043451,581.64,credit,2017-09-04,2019-09-04,TRUE,FALSE,FALSE,2017-09-04,,4
498118,5.61E+11,Ryan,Ferry,2016-09-04,,3192622147,closed,single,,1129203254,96.51,debit,2016-09-04,2021-09-04,TRUE,TRUE,FALSE,2016-09-04,Iste dignissimos dolore soluta.,2
213004,1.41E+11,Conrad,Kozey,2021-09-04,,,active,married,esther.hartmann@gmail.com,2395844641,40.07,debit,2021-09-04,2015-09-04,FALSE,FALSE,TRUE,2021-09-04,,3
612473,5.11E+11,Nicholle,Kerluke,2022-09-04,T52H56J095,2543270611,closed,single,heidi.wiza@yahoo.com,2738378352,146.64,credit,2022-09-04,2014-09-04,TRUE,FALSE,FALSE,2022-09-04,Praesentium quidem aut voluptatum et dolorum.,4
242375,8.15E+11,Lucas,Hermiston,2021-09-04,G29X6MGGV7,,active,single,,402413234,855.78,debit,2021-09-04,2014-09-04,TRUE,FALSE,FALSE,2021-09-04,,1
404890,5.40E+11,Terrie,Dooley,2020-09-04,,2349149078,active,single,donte.shields@gmail.com,6256114897,413.53,credit,2020-09-04,2015-09-04,FALSE,TRUE,TRUE,2020-09-04,Quaerat et quos modi ut minus.,4
378760,5.88E+11,Ellen,Gerlach,2017-09-04,,9060955629,closed,single,,684599114,456.65,credit,2017-09-04,2019-09-04,TRUE,FALSE,TRUE,2017-09-04,Beatae nihil officia dolorem libero.,1
546087,7.73E+11,Lanny,Deckow,2021-09-04,,6286009175,closed,single,simon.crona@yahoo.com,688090474,362.73,credit,2021-09-04,2017-09-04,TRUE,FALSE,TRUE,2021-09-04,Pariatur ut placeat sed iure eos quisquam cumque.,4
967174,3.78E+11,Maxwell,Braun,2018-09-04,RS32Z296V0,8593610329,active,married,,3618617254,117.55,debit,2018-09-04,2015-09-04,TRUE,TRUE,FALSE,2018-09-04,Nisi nesciunt numquam iste et perspiciatis.,3
958292,3.41E+11,Jeanine,Littel,2015-09-04,8WC50OL0JG,,closed,married,blake.jaskolski@yahoo.com,8234146870,967.23,debit,2015-09-04,2021-09-04,TRUE,TRUE,FALSE,2015-09-04,Non doloremque dolore nemo qui voluptas.,2
422511,8.82E+11,Abel,Bauch,2021-09-04,V34B88219C,,closed,single,latoyia.cummings@yahoo.com,1613832065,203.66,credit,2021-09-04,2015-09-04,TRUE,TRUE,FALSE,2021-09-04,,4
343560,7.45E+11,Veda,Schinner,2015-09-04,A0894K1LZ6,,closed,single,jospeh.macejkovic@hotmail.com,9454537686,640.05,debit,2015-09-04,2014-09-04,TRUE,FALSE,TRUE,2015-09-04,,2
265705,3.57E+11,Fausto,Legros,2021-09-04,,7382776709,closed,single,londa.davis@gmail.com,5802037104,224.32,credit,2021-09-04,2019-09-04,TRUE,TRUE,FALSE,2021-09-04,,3
183745,5.09E+11,Agustina,Wilkinson,2014-09-04,14F81I3SZC,,closed,married,chanelle.hackett@hotmail.com,4447372108,743.62,credit,2014-09-04,2017-09-04,FALSE,FALSE,TRUE,2014-09-04,,3
586559,8.88E+11,Edgardo,Heathcote,2014-09-04,11215Q28F0,,active,single,adam.huels@yahoo.com,105157542,433.98,credit,2014-09-04,2021-09-04,FALSE,FALSE,TRUE,2014-09-04,Ullam voluptas repellat.,3
208412,2.90E+11,Augustine,Franecki,2015-09-04,,,closed,single,,6001473767,389.23,credit,2015-09-04,2015-09-04,TRUE,FALSE,FALSE,2015-09-04,Odio nesciunt eligendi.,2
807258,4.40E+11,Autumn,Dach,2017-09-04,,2999061480,closed,married,shin.armstrong@yahoo.com,6189470216,605.9,debit,2017-09-04,2020-09-04,FALSE,FALSE,FALSE,2017-09-04,,1
441037,71704562305,Katy,Sanford,2021-09-04,,1926195321,active,single,,8518811696,856.61,debit,2021-09-04,2018-09-04,FALSE,FALSE,FALSE,2021-09-04,Id dolorem facilis et.,1
32048,7.83E+11,Winnie,Thompson,2017-09-04,5UM84O1V9C,,closed,single,,6758722370,664.34,debit,2017-09-04,2017-09-04,FALSE,TRUE,FALSE,2017-09-04,Mollitia et et ut velit.,2
405049,64658657454,Sharie,Nienow,2014-09-04,69L7L82771,7645810391,active,single,bret.stark@gmail.com,3325188952,812.72,credit,2014-09-04,2017-09-04,TRUE,TRUE,TRUE,2014-09-04,Reiciendis non id esse.,4
442335,2.46E+11,Mitchell,Kris,2018-09-04,,7204842680,active,single,mariano.kulas@hotmail.com,1522053862,517.78,debit,2018-09-04,2020-09-04,FALSE,FALSE,TRUE,2018-09-04,Quia voluptates veniam et.,3
870690,7.36E+11,Genevie,Robel,2019-09-04,CCYA743AOD,7957438525,closed,single,jami.wilkinson@hotmail.com,6803360862,463.93,debit,2019-09-04,2017-09-04,FALSE,FALSE,TRUE,2019-09-04,,2
650183,7.71E+11,Mariel,Runolfsdottir,2014-09-04,FSB1GJ35Y9,1400592659,closed,single,ron.cormier@gmail.com,611311361,812.95,debit,2014-09-04,2019-09-04,TRUE,FALSE,TRUE,2014-09-04,,4
503117,32118650095,Adolph,Walter,2016-09-04,X452MP62H5,5531533174,active,married,ardelia.kozey@gmail.com,2421483065,541.41,debit,2016-09-04,2015-09-04,TRUE,FALSE,FALSE,2016-09-04,,3
464732,87024597353,Orval,Rice,2017-09-04,,,closed,married,delana.kuphal@gmail.com,7671334026,199.15,credit,2017-09-04,2017-09-04,TRUE,TRUE,TRUE,2017-09-04,Voluptas ut illum ipsam veritatis architecto.,4
381033,4.17E+11,Malcom,Hayes,2017-09-04,8P1CK17DTS,1112785841,closed,single,ignacio.ortiz@yahoo.com,540875120,853.76,credit,2017-09-04,2017-09-04,FALSE,TRUE,FALSE,2017-09-04,Esse voluptatem velit minus sed optio.,2
588473,3.27E+11,Clemmie,Schamberger,2019-09-04,,7753897574,active,single,alicia.cummerata@yahoo.com,4940428464,350.82,credit,2019-09-04,2019-09-04,FALSE,TRUE,FALSE,2019-09-04,,4
878036,23069830043,Joana,Terry,2015-09-04,,6909049327,closed,single,marcelino.pouros@gmail.com,4335548306,835.36,credit,2015-09-04,2020-09-04,FALSE,TRUE,FALSE,2015-09-04,,3
283667,9.28E+11,Monroe,Emard,2017-09-04,,7706026501,closed,single,edgardo.heaney@hotmail.com,5171651680,389.08,credit,2017-09-04,2020-09-04,TRUE,FALSE,TRUE,2017-09-04,Quos nobis aut iste consectetur vitae consequatur.,4
263075,4.48E+11,Tomas,Haley,2015-09-04,,7837241473,active,single,,4214168014,50.57,debit,2015-09-04,2015-09-04,TRUE,FALSE,TRUE,2015-09-04,,2
392553,6.65E+11,Darrin,Littel,2017-09-04,4XQ9IPB9P0,2050238989,active,single,,2227253570,155.48,credit,2017-09-04,2014-09-04,FALSE,TRUE,FALSE,2017-09-04,,1
868683,4.25E+11,Cheryle,Bradtke,2017-09-04,,,active,single,glynda.purdy@yahoo.com,7550802661,346.03,debit,2017-09-04,2015-09-04,TRUE,TRUE,FALSE,2017-09-04,,4
371528,13752171130,Jeana,Mohr,2022-09-04,,9968100794,closed,married,,752371677,725.73,credit,2022-09-04,2021-09-04,FALSE,FALSE,FALSE,2022-09-04,Voluptatem quam corrupti.,3
733462,1.46E+11,Keeley,Kirlin,2022-09-04,08B903762J,,active,married,shawanda.stanton@yahoo.com,4875642335,648.98,credit,2022-09-04,2018-09-04,FALSE,TRUE,FALSE,2022-09-04,Aut alias et quod perspiciatis qui similique.,2
917042,5.75E+11,Dolly,Hermiston,2018-09-04,4NF8A1H93R,,active,single,,2715455346,156.27,credit,2018-09-04,2014-09-04,FALSE,FALSE,FALSE,2018-09-04,Molestiae est cupiditate eius.,4
329732,5.73E+11,Judith,Mante,2016-09-04,76QXN00H68,7424407472,active,married,lacy.block@gmail.com,6215881877,477.55,debit,2016-09-04,2018-09-04,TRUE,FALSE,FALSE,2016-09-04,,3
752735,1.34E+11,Mellissa,Roberts,2014-09-04,IY5E2TUH89,,closed,married,tiffany.farrell@yahoo.com,7701526980,604.06,credit,2014-09-04,2017-09-04,TRUE,TRUE,TRUE,2014-09-04,,4
48257,7.42E+11,Lynne,Spinka,2015-09-04,,,closed,married,,1986633836,711.1,debit,2015-09-04,2014-09-04,TRUE,TRUE,FALSE,2015-09-04,Consequatur blanditiis voluptas.,2
837062,5.82E+11,Lynsey,Graham,2017-09-04,ZG4ZR4TN95,,closed,single,,6251355160,254.5,credit,2017-09-04,2020-09-04,FALSE,TRUE,FALSE,2017-09-04,,3
208026,1.26E+11,Shayna,Hammes,2020-09-04,,,active,married,silas.rutherford@hotmail.com,1836021774,259.49,credit,2020-09-04,2018-09-04,TRUE,FALSE,TRUE,2020-09-04,,4
673610,6.25E+11,Vernie,Terry,2014-09-04,,,closed,single,cherish.orn@yahoo.com,383506720,162.02,debit,2014-09-04,2014-09-04,TRUE,FALSE,FALSE,2014-09-04,Omnis dolores et illum molestias mollitia.,4
673754,9.87E+11,Eloy,Tillman,2021-09-04,SN2US3726T,3766918129,active,single,clay.weber@hotmail.com,8444345887,417.73,credit,2021-09-04,2015-09-04,TRUE,FALSE,TRUE,2021-09-04,Aliquam velit error voluptas.,4
384318,3.30E+11,Karren,Kovacek,2022-09-04,,4524349952,active,single,,7864295765,603.63,credit,2022-09-04,2019-09-04,FALSE,TRUE,FALSE,2022-09-04,,2
752965,6.56E+11,Loan,Ferry,2021-09-04,VM08MJD9OL,,closed,single,,7811402328,714.28,debit,2021-09-04,2016-09-04,TRUE,FALSE,FALSE,2021-09-04,,3
356263,3.36E+11,Joe,Mitchell,2017-09-04,YJLG502NI0,,active,married,johnie.grant@hotmail.com,6315365259,971.5,debit,2017-09-04,2020-09-04,TRUE,FALSE,TRUE,2017-09-04,,4
508523,4.73E+11,Sally,Daniel,2014-09-04,,3640360460,active,single,lenora.nolan@yahoo.com,2641833185,44.17,debit,2014-09-04,2020-09-04,TRUE,FALSE,FALSE,2014-09-04,Est harum omnis sunt mollitia recusandae similique.,4
314448,32818874547,Javier,Ortiz,2014-09-04,EYX65I3W5F,,closed,single,,6636053635,891.37,credit,2014-09-04,2018-09-04,TRUE,TRUE,TRUE,2014-09-04,Quae porro velit ut.,4
881162,1.73E+11,Barry,Wilderman,2016-09-04,,,active,single,hugo.prohaska@yahoo.com,2838853488,181,debit,2016-09-04,2014-09-04,FALSE,TRUE,TRUE,2016-09-04,Repellendus saepe est dolor ea eius sequi.,2
4816,4.73E+11,Guillermina,Hudson,2018-09-04,21PV4X6BIE,,active,married,jacinto.hills@hotmail.com,5913446704,535.42,debit,2018-09-04,2022-09-04,FALSE,TRUE,TRUE,2018-09-04,,3
310210,94541583386,Jamey,Cartwright,2017-09-04,G79P93YKCV,,active,married,teressa.hane@hotmail.com,3562325680,143.78,credit,2017-09-04,2020-09-04,FALSE,FALSE,TRUE,2017-09-04,,1
213128,8.36E+11,Reyna,Connelly,2019-09-04,G2O93TRC62,,active,married,,2237465610,416.92,debit,2019-09-04,2014-09-04,FALSE,TRUE,TRUE,2019-09-04,Sint numquam facilis voluptatem natus.,2
117847,13278162616,Theressa,Hickle,2021-09-04,,2062283010,active,married,,9417978678,289.45,debit,2021-09-04,2015-09-04,FALSE,TRUE,FALSE,2021-09-04,Corporis natus eum rerum omnis eum minima optio.,4
551186,6.32E+11,Dominick,Wilkinson,2017-09-04,,,active,single,levi.zboncak@hotmail.com,7513883636,60.63,debit,2017-09-04,2014-09-04,TRUE,FALSE,TRUE,2017-09-04,Eos qui porro ullam nemo.,1
837270,2.50E+11,Tessa,Waelchi,2014-09-04,H1O8W0Z7AY,1363600842,closed,married,,2533835401,786.38,credit,2014-09-04,2021-09-04,FALSE,FALSE,FALSE,2014-09-04,,3
120931,5.70E+11,Emogene,Mills,2018-09-04,JL28N06BU8,2821352651,closed,single,,4703061829,312.87,credit,2018-09-04,2015-09-04,TRUE,TRUE,FALSE,2018-09-04,,1
548731,5.68E+11,Tyson,Schumm,2015-09-04,548VQ11010,,closed,married,,1854325552,575.7,credit,2015-09-04,2022-09-04,FALSE,FALSE,TRUE,2015-09-04,,1
780643,1.22E+11,Alison,Hand,2018-09-04,Y599TWPJ51,9450374880,active,married,,1537583437,391.06,debit,2018-09-04,2015-09-04,FALSE,FALSE,FALSE,2018-09-04,,2
262961,8.49E+11,Josh,Paucek,2019-09-04,4QUL4WQ3LL,3025887254,active,single,chu.medhurst@gmail.com,2189479735,296.13,credit,2019-09-04,2014-09-04,FALSE,TRUE,FALSE,2019-09-04,Quae corrupti optio ut eaque voluptatem repudiandae.,3
161945,4.16E+11,Marylouise,Brown,2014-09-04,OBD705AO0T,5240358194,closed,married,jillian.upton@yahoo.com,2628744925,181.08,debit,2014-09-04,2019-09-04,TRUE,TRUE,FALSE,2014-09-04,,4
769040,5.33E+11,Carmina,Jacobs,2021-09-04,896HBAP8ZZ,5057479802,active,married,maye.corkery@hotmail.com,9031413138,116.84,debit,2021-09-04,2014-09-04,TRUE,TRUE,FALSE,2021-09-04,,3
441081,45779171672,Abby,Schultz,2021-09-04,N2Q70IL0SX,,closed,married,,7730778558,946.94,debit,2021-09-04,2018-09-04,FALSE,TRUE,FALSE,2021-09-04,,4
770785,3.36E+11,Emory,Wolff,2014-09-04,0H5MN5J72S,,active,single,renea.crona@gmail.com,3020322829,699.79,debit,2014-09-04,2014-09-04,FALSE,TRUE,FALSE,2014-09-04,Cupiditate magnam dolor.,2
282343,4.77E+11,Gia,Champlin,2018-09-04,,8502034656,closed,married,,2898086368,138.52,credit,2018-09-04,2019-09-04,TRUE,FALSE,FALSE,2018-09-04,Molestias deleniti qui odio.,4
545235,5.75E+11,Justine,O'Hara,2022-09-04,,4127807156,closed,single,jacinta.baumbach@gmail.com,5461368134,520.39,credit,2022-09-04,2014-09-04,FALSE,FALSE,FALSE,2022-09-04,Occaecati soluta hic autem illo sit iste.,3
160366,9.63E+11,Jackelyn,Adams,2016-09-04,,6631055887,closed,single,cassandra.raynor@gmail.com,4682302241,803.96,credit,2016-09-04,2017-09-04,FALSE,TRUE,TRUE,2016-09-04,Esse incidunt dolorem reprehenderit.,4
326112,2.63E+11,Reyes,Ebert,2019-09-04,,,closed,married,,1206078595,133.42,credit,2019-09-04,2020-09-04,FALSE,FALSE,TRUE,2019-09-04,,3
381050,44250862838,Joaquin,McClure,2020-09-04,,9969495858,active,single,gerardo.lueilwitz@yahoo.com,21957077,658.87,credit,2020-09-04,2017-09-04,FALSE,FALSE,TRUE,2020-09-04,Dolorem dignissimos occaecati fuga est aspernatur doloremque.,3
391184,4.07E+11,Frederick,Macejkovic,2018-09-04,,2644373647,active,single,,3994616524,88.07,credit,2018-09-04,2019-09-04,TRUE,FALSE,TRUE,2018-09-04,Magnam ea ut voluptate itaque.,4
14500,60356275327,Claudio,Franecki,2020-09-04,,9982218158,active,married,,3835264519,261.95,credit,2020-09-04,2018-09-04,FALSE,TRUE,TRUE,2020-09-04,,2
306872,1.63E+11,Jc,Hand,2014-09-04,5WU1P4J8U1,2898073251,active,single,,8159058020,313.42,credit,2014-09-04,2015-09-04,FALSE,FALSE,TRUE,2014-09-04,Perspiciatis corporis harum.,3
883148,1.49E+11,Luz,Murray,2015-09-04,24IKSH69Y4,6025410363,active,married,,1913742347,742.24,credit,2015-09-04,2016-09-04,FALSE,TRUE,TRUE,2015-09-04,Sunt numquam at.,2
559182,4.30E+11,Sandi,Leannon,2014-09-04,YZ6K49XW17,,closed,single,may.pfannerstill@yahoo.com,5364878473,763.37,debit,2014-09-04,2015-09-04,TRUE,TRUE,FALSE,2014-09-04,,2
840553,1.25E+11,Elliot,Klocko,2022-09-04,7DL47584Q6,,active,married,,5255530443,420.68,credit,2022-09-04,2021-09-04,TRUE,TRUE,TRUE,2022-09-04,,3
793384,1.58E+11,Ronnie,Sawayn,2021-09-04,A7P15EIB2S,,closed,single,joye.morissette@gmail.com,3769264303,774.09,debit,2021-09-04,2021-09-04,TRUE,FALSE,TRUE,2021-09-04,Expedita earum voluptatum et.,4
889403,3.35E+11,Samual,Wuckert,2014-09-04,,7006235486,active,single,,5173510487,936.25,credit,2014-09-04,2021-09-04,FALSE,FALSE,FALSE,2014-09-04,Et facilis non placeat reiciendis ut.,2
262992,5.41E+11,Marjory,Strosin,2020-09-04,,,closed,single,,3845022932,100.34,credit,2020-09-04,2020-09-04,FALSE,TRUE,FALSE,2020-09-04,,3
733368,9.22E+11,Penelope,Zemlak,2016-09-04,,6634800664,active,single,,8840176412,190.32,debit,2016-09-04,2016-09-04,FALSE,FALSE,TRUE,2016-09-04,,4
935850,34891671644,Elana,Fadel,2022-09-04,214256R4QT,,active,single,,7500251695,44.54,credit,2022-09-04,2021-09-04,TRUE,FALSE,FALSE,2022-09-04,Nisi voluptas enim officia natus.,4
128136,3.40E+11,Earline,Smith,2017-09-04,8C2C24N83H,7225880973,active,single,,7114605774,322.85,debit,2017-09-04,2014-09-04,TRUE,FALSE,TRUE,2017-09-04,Velit quia at optio.,2
770250,2675106583,Rafael,Mraz,2015-09-04,9QKP3QZE4Y,,closed,married,,2955967020,239.41,credit,2015-09-04,2018-09-04,FALSE,FALSE,TRUE,2015-09-04,,2
381945,5.35E+11,Nannette,Murray,2015-09-04,J15BM448J4,1637353160,closed,married,,1080814133,844.71,debit,2015-09-04,2015-09-04,FALSE,TRUE,FALSE,2015-09-04,,3
803521,2.60E+11,Eddie,Blanda,2017-09-04,U78Y6T38GN,,closed,married,,2013565176,488.29,credit,2017-09-04,2015-09-04,TRUE,FALSE,TRUE,2017-09-04,,4
138374,3.70E+11,Verdell,Frami,2020-09-04,Q6NS9A111H,,closed,married,,6230897847,855.12,debit,2020-09-04,2018-09-04,FALSE,FALSE,FALSE,2020-09-04,,3
805690,1.64E+11,Brendon,Aufderhar,2018-09-04,DMXLU2Q32L,4241424387,closed,single,,2651317981,26.79,debit,2018-09-04,2019-09-04,FALSE,FALSE,FALSE,2018-09-04,Veritatis numquam saepe.,3
170464,1.37E+11,Joseph,Johnson,2018-09-04,MR2Y2QT70F,,closed,married,deon.larson@hotmail.com,2319678023,787.64,credit,2018-09-04,2015-09-04,FALSE,FALSE,FALSE,2018-09-04,,3
460438,5.30E+11,Leroy,Kling,2019-09-04,,3073781203,closed,single,brian.cremin@gmail.com,6884080685,174.34,credit,2019-09-04,2015-09-04,TRUE,FALSE,FALSE,2019-09-04,,2
308032,6.75E+11,Dannette,Bernhard,2017-09-04,7D9K5TF1SA,,closed,single,darwin.hartmann@gmail.com,3380530536,327.31,credit,2017-09-04,2018-09-04,FALSE,FALSE,FALSE,2017-09-04,,2
88110,6.85E+11,Nelson,Fadel,2020-09-04,,1375392565,active,married,miguel.mayer@gmail.com,9871565814,831.28,debit,2020-09-04,2019-09-04,FALSE,TRUE,TRUE,2020-09-04,,3
856750,4.77E+11,Alyson,Smitham,2018-09-04,QG89J855RI,1579074382,closed,married,,8613752427,609.02,debit,2018-09-04,2020-09-04,TRUE,TRUE,FALSE,2018-09-04,,1
681749,7.35E+11,Fran,Hane,2021-09-04,849QBAG4EV,8443946275,closed,married,wynona.swaniawski@yahoo.com,9356775214,337.4,credit,2021-09-04,2014-09-04,FALSE,TRUE,FALSE,2021-09-04,,3
630528,7977286846,Cyndy,Thiel,2017-09-04,,8960109286,active,married,lindsy.white@hotmail.com,635304518,763.27,debit,2017-09-04,2015-09-04,TRUE,TRUE,TRUE,2017-09-04,Dolor qui voluptatem temporibus.,2
327300,5.25E+11,Jesica,Kunde,2019-09-04,,,closed,single,rolanda.turner@hotmail.com,4471107581,763.94,debit,2019-09-04,2016-09-04,FALSE,FALSE,FALSE,2019-09-04,,3
364928,8.61E+11,Luetta,Weimann,2022-09-04,E52898369G,1295222158,active,married,melina.wehner@gmail.com,9534715779,268.68,credit,2022-09-04,2020-09-04,TRUE,FALSE,FALSE,2022-09-04,Sapiente temporibus enim.,3
826870,9.11E+11,Patrick,Bruen,2020-09-04,,,closed,married,yetta.kutch@gmail.com,8351906358,231,credit,2020-09-04,2020-09-04,FALSE,FALSE,FALSE,2020-09-04,Esse minus non molestiae repellat vel.,4
832266,8.43E+11,Abe,Kulas,2014-09-04,,3999570308,closed,married,,3674183365,141.89,debit,2014-09-04,2014-09-04,FALSE,TRUE,FALSE,2014-09-04,,2
592536,2.28E+11,Etta,Cormier,2020-09-04,1HH00IH193,,closed,married,,8778423586,328.16,debit,2020-09-04,2017-09-04,TRUE,FALSE,TRUE,2020-09-04,,4
171304,6.36E+11,Son,Rippin,2014-09-04,9OB53Z630A,4758091140,closed,married,chris.weissnat@gmail.com,9473244900,405.75,debit,2014-09-04,2014-09-04,FALSE,TRUE,FALSE,2014-09-04,,3
362524,2.47E+11,Evalyn,Ankunding,2014-09-04,,,active,married,hyo.beahan@hotmail.com,2247665142,44.93,credit,2014-09-04,2017-09-04,FALSE,FALSE,TRUE,2014-09-04,Sit est exercitationem commodi ratione qui qui.,3
364735,8.23E+11,Carmen,Kunde,2019-09-04,,4636349560,active,married,,7665981501,441.94,debit,2019-09-04,2022-09-04,FALSE,FALSE,FALSE,2019-09-04,,2
764867,2.51E+11,Irena,McCullough,2014-09-04,,,closed,married,,3839508268,174.42,credit,2014-09-04,2021-09-04,FALSE,FALSE,TRUE,2014-09-04,,4
973303,6.21E+11,Hugo,Daniel,2020-09-04,,,closed,married,carroll.jerde@yahoo.com,5244672385,965.7,credit,2020-09-04,2018-09-04,FALSE,FALSE,TRUE,2020-09-04,,3
355614,6.53E+11,Melynda,McKenzie,2018-09-04,,,active,married,,9819527682,189.74,credit,2018-09-04,2015-09-04,TRUE,FALSE,FALSE,2018-09-04,Vero qui facilis debitis.,2
727287,2.15E+11,Steven,Langworth,2021-09-04,,9403676776,closed,married,,2662631816,710.33,debit,2021-09-04,2019-09-04,TRUE,FALSE,FALSE,2021-09-04,,4
88074,7.83E+11,Joane,Howe,2019-09-04,1959Q2UBF3,,closed,married,sylvester.wisozk@yahoo.com,6772863817,16.37,debit,2019-09-04,2016-09-04,FALSE,TRUE,TRUE,2019-09-04,Soluta qui tenetur distinctio.,2
544570,7.09E+11,Donte,Connelly,2021-09-04,,,active,single,darell.bashirian@yahoo.com,2313570472,845.05,credit,2021-09-04,2021-09-04,FALSE,FALSE,TRUE,2021-09-04,Voluptas accusamus quas et ea.,1
173683,5.08E+11,Lon,Daniel,2022-09-04,,3939501474,closed,single,,5072210618,186.07,debit,2022-09-04,2016-09-04,TRUE,TRUE,FALSE,2022-09-04,,4
664877,1.04E+11,Wava,Kunze,2015-09-04,G8OXH99HU6,7901025900,closed,married,,8845250605,657.56,credit,2015-09-04,2017-09-04,TRUE,FALSE,FALSE,2015-09-04,,2
707605,4.02E+11,Efrain,Bechtelar,2014-09-04,,,active,married,tanisha.huel@yahoo.com,1866030188,26.71,debit,2014-09-04,2017-09-04,TRUE,TRUE,FALSE,2014-09-04,,2
900871,5.34E+11,Abel,Wiza,2019-09-04,,,active,single,,4713335294,863.38,credit,2019-09-04,2020-09-04,TRUE,FALSE,TRUE,2019-09-04,,2
760764,6.37E+11,Delbert,Considine,2020-09-04,6NNC344NDQ,,active,single,marisela.quitzon@gmail.com,7480450662,360.9,credit,2020-09-04,2019-09-04,FALSE,FALSE,FALSE,2020-09-04,,3
147739,8.77E+11,Kiersten,Carroll,2019-09-04,479J46T38F,,active,single,,5061752074,629.46,debit,2019-09-04,2020-09-04,TRUE,TRUE,TRUE,2019-09-04,Asperiores aut id error ut accusantium qui error.,4
878857,8.52E+11,Laine,Runte,2018-09-04,36UUPD9B3A,3105928822,closed,married,,6015542316,406.47,debit,2018-09-04,2018-09-04,TRUE,TRUE,TRUE,2018-09-04,Omnis quibusdam vel.,4
620527,8.35E+11,Alfredo,Harber,2020-09-04,,7746068965,active,married,francis.kertzmann@gmail.com,9496118847,346.89,debit,2020-09-04,2020-09-04,TRUE,FALSE,FALSE,2020-09-04,Qui ut vero laudantium.,4
242085,9.38E+11,Edison,McClure,2017-09-04,B9U1K0495H,,closed,single,,5770862519,210.78,credit,2017-09-04,2014-09-04,FALSE,FALSE,TRUE,2017-09-04,Voluptatem omnis officiis sit veniam quo.,2
611608,33711947814,Modesto,Feest,2017-09-04,,,closed,single,,8905136533,539.13,credit,2017-09-04,2018-09-04,TRUE,FALSE,TRUE,2017-09-04,Vel magnam temporibus facere eos aut voluptas.,4
566254,4.54E+11,Bette,Armstrong,2020-09-04,1E3G40L061,4991137302,active,married,damon.gleason@hotmail.com,8747770353,374.45,credit,2020-09-04,2018-09-04,FALSE,TRUE,TRUE,2020-09-04,Dolor nostrum eius ipsam harum dolore.,3
847480,7.64E+11,Sandi,Sporer,2015-09-04,J044A84B99,,closed,married,,8810537710,448.29,debit,2015-09-04,2022-09-04,FALSE,TRUE,TRUE,2015-09-04,,4
144395,7.15E+11,Elia,Quitzon,2022-09-04,,,closed,single,,186550777,383.63,credit,2022-09-04,2017-09-04,FALSE,FALSE,FALSE,2022-09-04,,2
339276,3.58E+11,Clara,O'Keefe,2020-09-04,,,active,married,jeane.schumm@hotmail.com,3341038174,867.04,debit,2020-09-04,2020-09-04,FALSE,FALSE,FALSE,2020-09-04,Unde quod rerum aut repellat autem quia assumenda.,3
606508,45438670179,Cassey,Daniel,2022-09-04,,,active,single,josiah.borer@yahoo.com,3133071828,708.83,credit,2022-09-04,2014-09-04,TRUE,TRUE,FALSE,2022-09-04,,3
927557,8.03E+11,Carolyne,Crist,2022-09-04,3LT7IM9200,,closed,married,,2256449081,864.16,debit,2022-09-04,2018-09-04,TRUE,TRUE,FALSE,2022-09-04,,2
129313,25203645875,Mellisa,Crooks,2016-09-04,,2589961497,active,married,carisa.koss@yahoo.com,150813607,353.06,debit,2016-09-04,2016-09-04,TRUE,TRUE,FALSE,2016-09-04,Quia molestiae facilis esse suscipit ea eum earum.,4
951624,1.74E+11,Blanch,Hagenes,2015-09-04,,,closed,married,emmitt.lind@yahoo.com,5513703545,774.76,debit,2015-09-04,2018-09-04,FALSE,FALSE,FALSE,2015-09-04,Unde pariatur commodi aut.,4
335538,8.04E+11,Olin,Durgan,2014-09-04,,,active,single,kaylee.reilly@gmail.com,2500022438,978.68,debit,2014-09-04,2019-09-04,TRUE,FALSE,TRUE,2014-09-04,,4
42918,7.86E+11,Alan,Ankunding,2020-09-04,19O80355B3,5893541328,closed,married,ericka.pacocha@yahoo.com,8577364555,532.58,debit,2020-09-04,2014-09-04,TRUE,TRUE,TRUE,2020-09-04,,4
189626,2.58E+11,Billie,Muller,2019-09-04,,3717213362,active,single,despina.schneider@yahoo.com,4526028744,722.2,credit,2019-09-04,2016-09-04,FALSE,FALSE,FALSE,2019-09-04,Culpa aut reprehenderit repellat aut est.,1
201542,7.16E+11,Michael,Bode,2018-09-04,,9791579582,active,single,dorethea.cummings@gmail.com,5768725217,396.49,credit,2018-09-04,2021-09-04,FALSE,TRUE,TRUE,2018-09-04,,3
198566,7.34E+11,Josue,Hahn,2015-09-04,65C090W292,,active,married,arlen.prosacco@yahoo.com,8883706686,316.81,debit,2015-09-04,2014-09-04,FALSE,FALSE,TRUE,2015-09-04,,1
801888,8.23E+11,Reinaldo,Skiles,2016-09-04,,,closed,single,,4445550111,678.61,debit,2016-09-04,2015-09-04,FALSE,FALSE,FALSE,2016-09-04,Quo qui exercitationem autem.,4
721574,3.48E+11,Orville,Runolfsdottir,2015-09-04,,5735308862,active,married,,4921661172,413.2,credit,2015-09-04,2017-09-04,FALSE,TRUE,TRUE,2015-09-04,,4
577808,5.55E+11,Jamel,Feeney,2018-09-04,1VL8GR1087,,active,married,,7170312818,976.82,debit,2018-09-04,2014-09-04,FALSE,FALSE,FALSE,2018-09-04,,3
360644,51005503246,Clayton,Zieme,2017-09-04,,,closed,single,edwin.marquardt@gmail.com,7886154554,626.61,debit,2017-09-04,2018-09-04,TRUE,TRUE,FALSE,2017-09-04,,3
14568,34334564190,Wilfred,Feil,2021-09-04,0A0RH5UBG6,,active,single,vaughn.heller@gmail.com,9735403013,323.75,credit,2021-09-04,2020-09-04,TRUE,TRUE,TRUE,2021-09-04,,1
612627,4.38E+11,Giselle,Bernhard,2021-09-04,,4516676960,closed,married,kari.bartoletti@gmail.com,5025141145,550.08,debit,2021-09-04,2020-09-04,FALSE,TRUE,FALSE,2021-09-04,Voluptatum exercitationem sint.,2
833124,8.44E+11,Francis,Walter,2018-09-04,33BCRI25O5,,active,single,jennifer.stracke@yahoo.com,1318140895,227.44,credit,2018-09-04,2017-09-04,FALSE,TRUE,FALSE,2018-09-04,,3
681300,2.01E+11,Frankie,Bartell,2020-09-04,,5893497649,closed,married,kasey.oconnell@hotmail.com,3436270215,130.94,credit,2020-09-04,2020-09-04,FALSE,TRUE,FALSE,2020-09-04,Libero pariatur sint impedit sint id.,4
924482,9.08E+11,Joaquin,Dibbert,2022-09-04,03T5Y11L92,9187728613,active,single,,2869742634,401.25,credit,2022-09-04,2015-09-04,FALSE,TRUE,FALSE,2022-09-04,Rerum consectetur dicta.,4
845407,7.28E+11,Antwan,Abshire,2019-09-04,,,active,single,,3316423861,102.32,debit,2019-09-04,2018-09-04,FALSE,FALSE,TRUE,2019-09-04,,4
445933,3.14E+11,Meridith,Cole,2014-09-04,,8800714306,active,single,ethel.heathcote@hotmail.com,2301368310,366.62,debit,2014-09-04,2017-09-04,FALSE,FALSE,TRUE,2014-09-04,,2
497385,8.59E+11,Candance,Farrell,2014-09-04,,8340094291,closed,married,,9595779851,840.68,credit,2014-09-04,2016-09-04,TRUE,TRUE,TRUE,2014-09-04,,2
77558,7.61E+11,Marcelino,Schaefer,2018-09-04,P58859U23Q,,closed,single,,5561387361,750.97,debit,2018-09-04,2021-09-04,FALSE,FALSE,FALSE,2018-09-04,Nulla aut sequi assumenda voluptate.,2
444141,9.49E+11,Filomena,Little,2018-09-04,1KM11P003A,,active,married,,6602561313,573,debit,2018-09-04,2014-09-04,FALSE,TRUE,TRUE,2018-09-04,Natus non laborum veniam.,4
450364,5.51E+11,Galen,Stoltenberg,2019-09-04,9363U0532Z,,closed,married,,6407090335,733.92,debit,2019-09-04,2020-09-04,FALSE,FALSE,FALSE,2019-09-04,,2
978659,8.47E+11,Myron,Price,2020-09-04,T8ZOZC68LX,,active,married,,432873315,292,credit,2020-09-04,2021-09-04,TRUE,FALSE,TRUE,2020-09-04,Voluptatem illum at perferendis.,4
106744,2.16E+11,Velma,Shields,2019-09-04,LX3U9PBCT8,7004377992,closed,married,,6167080183,244.71,debit,2019-09-04,2019-09-04,TRUE,FALSE,TRUE,2019-09-04,Sequi eligendi incidunt neque sapiente.,2
917237,5.34E+11,Aurora,Deckow,2020-09-04,A65U9N3CPZ,3363846643,active,married,palmira.stamm@yahoo.com,5286012665,772.93,debit,2020-09-04,2014-09-04,TRUE,FALSE,TRUE,2020-09-04,Itaque assumenda blanditiis.,4
895408,5.81E+11,Antoine,Rohan,2021-09-04,,,active,married,,4728747983,833.74,debit,2021-09-04,2022-09-04,FALSE,TRUE,FALSE,2021-09-04,Dolorum quia quod consectetur ut eligendi saepe.,1
903840,3.61E+11,Samatha,Stracke,2017-09-04,,9848832950,closed,married,,6415908293,912.32,debit,2017-09-04,2017-09-04,TRUE,TRUE,FALSE,2017-09-04,Reiciendis consequatur voluptatem error rerum vel.,1
46115,9.60E+11,Vita,Ebert,2017-09-04,,2333753458,closed,married,corey.mckenzie@gmail.com,24124619,787.49,debit,2017-09-04,2015-09-04,TRUE,FALSE,TRUE,2017-09-04,Molestias ipsam perspiciatis earum nulla voluptatem ex.,2
777206,2.86E+11,Adam,Zboncak,2021-09-04,JOEN7GA3M6,,active,married,quinton.murphy@hotmail.com,6455831333,857.74,debit,2021-09-04,2021-09-04,TRUE,TRUE,FALSE,2021-09-04,Esse adipisci quod voluptatum consectetur iste est laudantium.,4
951168,2.34E+11,Johnna,Altenwerth,2020-09-04,,5872188196,closed,single,,755778681,599.22,debit,2020-09-04,2016-09-04,TRUE,TRUE,FALSE,2020-09-04,,4
857881,4.13E+11,Edison,Hagenes,2016-09-04,,7643112628,closed,single,susann.rippin@hotmail.com,2233841388,923.53,credit,2016-09-04,2021-09-04,TRUE,FALSE,FALSE,2016-09-04,,4
763704,7.78E+11,Delcie,Kassulke,2014-09-04,EE4YUFQ8LZ,7816253317,active,single,,4205211874,269.07,credit,2014-09-04,2020-09-04,TRUE,FALSE,FALSE,2014-09-04,,2
598145,2.84E+11,Lawerence,Watsica,2017-09-04,,9495458341,active,married,,4530075421,340.75,credit,2017-09-04,2018-09-04,FALSE,FALSE,FALSE,2017-09-04,Saepe alias sapiente.,2
53087,51467404567,Omer,Ratke,2016-09-04,P542L46SPS,4015207507,active,married,,2635046517,350.95,debit,2016-09-04,2019-09-04,TRUE,TRUE,FALSE,2016-09-04,,4
486762,8.84E+11,Fredric,Gerhold,2018-09-04,1SSH1G666Z,,active,single,loida.runolfsson@gmail.com,6574533334,71.67,debit,2018-09-04,2017-09-04,TRUE,TRUE,FALSE,2018-09-04,Et cum ut quia.,4
716386,3.36E+11,Seema,Keebler,2020-09-04,2NP5KMOR3Q,,active,married,cyrus.cole@gmail.com,8490138110,258.32,debit,2020-09-04,2018-09-04,FALSE,TRUE,TRUE,2020-09-04,Aut quis cumque quia perferendis dolor veniam quo.,4
142080,5.41E+11,Spencer,Hammes,2016-09-04,,1408696034,closed,married,,6013206718,232.9,credit,2016-09-04,2018-09-04,FALSE,FALSE,FALSE,2016-09-04,Consequatur recusandae molestiae quibusdam.,3
886830,6.69E+11,Lucien,King,2019-09-04,7LHTA6409L,,active,married,cheree.little@gmail.com,7723159948,282.42,credit,2019-09-04,2014-09-04,TRUE,TRUE,FALSE,2019-09-04,Sit molestiae dolor dolore ullam.,3
8209,5.90E+11,Kyla,Stroman,2020-09-04,,3518865152,active,single,nicholle.jaskolski@hotmail.com,8363473644,172.55,debit,2020-09-04,2022-09-04,TRUE,FALSE,TRUE,2020-09-04,,4
805004,2.10E+11,Shantell,Hartmann,2021-09-04,TJ61K9B64Y,,closed,married,,9937991510,240.79,debit,2021-09-04,2015-09-04,TRUE,TRUE,TRUE,2021-09-04,Asperiores et sed.,2
646615,4.44E+11,Lyman,Connelly,2014-09-04,,6432536612,active,single,chasity.cremin@gmail.com,2863383281,582.39,credit,2014-09-04,2019-09-04,TRUE,TRUE,TRUE,2014-09-04,Omnis sit libero et veritatis rerum.,3
325764,5.82E+11,Alyse,McKenzie,2020-09-04,,,closed,single,mohammad.skiles@hotmail.com,565733185,523.41,debit,2020-09-04,2021-09-04,TRUE,FALSE,TRUE,2020-09-04,Et et nisi.,4
588094,3.57E+11,Francisco,Rempel,2019-09-04,,1519237846,closed,single,drew.hintz@gmail.com,4732003317,354.09,credit,2019-09-04,2020-09-04,TRUE,TRUE,FALSE,2019-09-04,,3
356627,2.56E+11,Josphine,King,2017-09-04,,,closed,married,otelia.jones@hotmail.com,9280035608,904.43,debit,2017-09-04,2021-09-04,FALSE,FALSE,FALSE,2017-09-04,Sed aut voluptatum numquam.,3
786437,9.36E+11,Valrie,Stoltenberg,2016-09-04,,1622377355,closed,married,,6857003225,427.23,debit,2016-09-04,2015-09-04,TRUE,FALSE,FALSE,2016-09-04,Ducimus quo odit est in tempore possimus natus.,2
725752,7.54E+11,Carmel,Marvin,2018-09-04,,4436368863,active,single,rico.shanahan@gmail.com,2058460399,97.7,credit,2018-09-04,2016-09-04,FALSE,TRUE,TRUE,2018-09-04,,3
480888,8.07E+11,Lolita,Dietrich,2020-09-04,,2378337547,active,single,simonne.pollich@yahoo.com,5848662435,440.55,credit,2020-09-04,2014-09-04,TRUE,FALSE,TRUE,2020-09-04,Eligendi sed explicabo.,4
855781,7.93E+11,John,Parker,2015-09-04,S373Z5W1A7,2934020131,closed,married,,3613373821,165.12,debit,2015-09-04,2020-09-04,FALSE,FALSE,FALSE,2015-09-04,Ut animi consequatur consequatur a et voluptatem.,1
187457,9.40E+11,Loree,Jerde,2017-09-04,30XL26NW98,,active,single,,8227274221,582.52,credit,2017-09-04,2016-09-04,TRUE,FALSE,FALSE,2017-09-04,Recusandae nihil accusamus autem ut sed molestiae.,2
786843,3.01E+11,Manuel,Effertz,2019-09-04,,,active,married,,2769008109,473.15,credit,2019-09-04,2015-09-04,FALSE,FALSE,FALSE,2019-09-04,,1
528804,1.66E+11,Rhett,Mertz,2017-09-04,,,active,married,,5380093485,64.45,credit,2017-09-04,2014-09-04,TRUE,TRUE,TRUE,2017-09-04,,3
17587,3.78E+11,Romelia,Robel,2014-09-04,P0GY774JX0,,closed,single,tom.kreiger@gmail.com,7183861569,320.09,credit,2014-09-04,2014-09-04,FALSE,FALSE,TRUE,2014-09-04,Perferendis distinctio et.,1
826743,6.85E+11,Leandro,Bins,2021-09-04,EWOCF3L6BW,8046902118,active,single,erin.weimann@hotmail.com,1378577343,390.38,debit,2021-09-04,2021-09-04,TRUE,TRUE,TRUE,2021-09-04,Ipsum optio rerum occaecati natus et.,4
900200,7.52E+11,Priscilla,Reynolds,2021-09-04,QE9259665C,,active,single,tommie.mraz@gmail.com,6834676607,711.22,debit,2021-09-04,2017-09-04,TRUE,FALSE,TRUE,2021-09-04,Magnam magnam id facilis qui consequuntur et.,4
868858,9.67E+11,Edwardo,Wehner,2015-09-04,,2128088728,closed,single,,3680881109,822.9,credit,2015-09-04,2017-09-04,FALSE,TRUE,FALSE,2015-09-04,,4
468402,4.67E+11,Page,Reinger,2020-09-04,,3031137266,active,married,,8062850234,167.19,credit,2020-09-04,2017-09-04,TRUE,FALSE,FALSE,2020-09-04,,4
610236,9.48E+11,Carmelo,Hintz,2021-09-04,22673287F2,4047843558,active,single,january.grant@yahoo.com,6797494176,247.29,credit,2021-09-04,2018-09-04,TRUE,FALSE,FALSE,2021-09-04,Possimus autem est aut non a voluptate quis.,1
500496,31580253067,Marcelino,Ward,2016-09-04,,1662357952,closed,single,ricardo.kunde@hotmail.com,2468472800,719.98,debit,2016-09-04,2018-09-04,FALSE,TRUE,FALSE,2016-09-04,,2
204879,6.01E+11,Patience,Heaney,2015-09-04,,,closed,single,,2731264451,527.36,credit,2015-09-04,2014-09-04,FALSE,TRUE,FALSE,2015-09-04,,4
903631,4.10E+11,Ignacia,Fisher,2018-09-04,,1866773736,active,single,,6000367260,806.3,credit,2018-09-04,2015-09-04,FALSE,FALSE,FALSE,2018-09-04,Sint est corrupti.,4
742699,5.94E+11,Lino,Hirthe,2019-09-04,33PKP2RY3D,,closed,single,,7405431653,742.36,credit,2019-09-04,2018-09-04,TRUE,FALSE,TRUE,2019-09-04,Doloremque ratione magnam a et laborum sapiente ut.,1
519864,5.87E+11,Brent,Russel,2020-09-04,,,active,single,,81189910,650.88,debit,2020-09-04,2016-09-04,TRUE,FALSE,FALSE,2020-09-04,Ea sed quo.,2
23904,73653848388,Alesha,Streich,2014-09-04,UEXTYHJ969,9002974467,active,single,meg.johns@gmail.com,3152823512,332,credit,2014-09-04,2014-09-04,TRUE,TRUE,FALSE,2014-09-04,,2
755542,5.07E+11,Marvin,Macejkovic,2017-09-04,MXM841U4GS,6382546041,active,married,,8445499400,946.81,credit,2017-09-04,2015-09-04,FALSE,TRUE,TRUE,2017-09-04,Et quis cupiditate quia.,2
